datetime_local,temperature_2m,relative_humidity_2m,wind_speed_10m,wind_direction_10m,precipitation,surface_pressure,boundary_layer_height
2025-03-01 00:00:00,17.2,89,3.16,61,0.0,985.4,245.0
2025-03-01 01:00:00,16.4,89,2.51,67,0.0,985.2,205.0
2025-03-01 02:00:00,16.0,90,2.83,77,0.0,984.8,215.0
2025-03-01 03:00:00,15.7,91,2.5,57,0.0,984.8,210.0
2025-03-01 04:00:00,15.4,91,2.8,88,0.0,984.5,230.0
2025-03-01 05:00:00,15.3,90,3.12,84,0.0,984.8,260.0
2025-03-01 06:00:00,16.7,94,4.26,106,1.6,985.7,340.0
2025-03-01 07:00:00,16.4,91,4.83,96,1.3,986.1,320.0
2025-03-01 08:00:00,17.3,88,3.51,94,0.0,987.2,465.0
2025-03-01 09:00:00,18.5,82,2.71,102,0.0,988.0,395.0
2025-03-01 10:00:00,19.6,77,2.24,114,0.0,988.2,375.0
2025-03-01 11:00:00,21.7,70,1.56,138,0.0,988.0,470.0
2025-03-01 12:00:00,23.0,66,1.1,114,0.0,987.0,675.0
2025-03-01 13:00:00,24.2,61,1.2,88,0.0,985.7,890.0
2025-03-01 14:00:00,24.5,61,0.92,68,0.0,984.7,1120.0
2025-03-01 15:00:00,24.4,62,0.6,48,0.1,984.1,1150.0
2025-03-01 16:00:00,23.6,65,0.4,360,0.1,984.2,605.0
2025-03-01 17:00:00,22.8,70,1.23,32,0.4,984.1,515.0
2025-03-01 18:00:00,22.0,75,1.49,14,0.0,985.1,145.0
2025-03-01 19:00:00,21.0,80,1.97,24,0.0,985.7,135.0
2025-03-01 20:00:00,20.3,83,1.87,20,0.0,986.5,120.0
2025-03-01 21:00:00,19.9,84,2.0,357,0.0,986.7,135.0
2025-03-01 22:00:00,19.2,85,2.87,6,0.0,986.6,225.0
2025-03-01 23:00:00,18.4,86,2.51,13,0.0,986.3,225.0
2025-03-02 00:00:00,17.8,88,2.19,11,0.0,985.7,175.0
2025-03-02 01:00:00,17.3,89,1.98,10,0.0,985.2,150.0
2025-03-02 02:00:00,17.0,89,2.07,8,0.0,984.5,150.0
2025-03-02 03:00:00,16.7,88,2.4,360,0.0,984.1,170.0
2025-03-02 04:00:00,16.2,88,2.22,346,0.0,983.7,155.0
2025-03-02 05:00:00,15.7,88,2.02,330,0.0,984.1,140.0
2025-03-02 06:00:00,16.2,88,2.26,335,0.0,985.0,180.0
2025-03-02 07:00:00,16.2,87,2.23,320,0.0,985.9,155.0
2025-03-02 08:00:00,17.7,80,1.86,306,0.0,986.7,200.0
2025-03-02 09:00:00,19.7,71,2.02,312,0.0,987.4,265.0
2025-03-02 10:00:00,21.8,57,2.16,312,0.0,987.6,480.0
2025-03-02 11:00:00,23.6,39,2.84,321,0.0,987.2,805.0
2025-03-02 12:00:00,24.5,34,3.51,319,0.0,986.2,1055.0
2025-03-02 13:00:00,24.8,32,3.82,315,0.0,985.1,1225.0
2025-03-02 14:00:00,24.8,33,3.94,309,0.0,984.2,1355.0
2025-03-02 15:00:00,24.4,34,3.76,310,0.0,983.4,1205.0
2025-03-02 16:00:00,23.5,38,3.34,309,0.0,983.3,975.0
2025-03-02 17:00:00,22.1,45,2.45,303,0.0,983.2,820.0
2025-03-02 18:00:00,19.9,54,2.17,293,0.0,983.7,230.0
2025-03-02 19:00:00,18.6,61,2.06,288,0.0,984.0,135.0
2025-03-02 20:00:00,17.5,67,1.75,301,0.0,984.3,95.0
2025-03-02 21:00:00,16.6,72,1.6,309,0.0,984.8,80.0
2025-03-02 22:00:00,16.0,73,1.59,311,0.0,984.9,70.0
2025-03-02 23:00:00,15.8,70,1.77,313,0.0,984.9,80.0
2025-03-03 00:00:00,15.5,67,1.85,322,0.0,984.8,85.0
2025-03-03 01:00:00,15.0,66,1.83,334,0.0,984.4,90.0
2025-03-03 02:00:00,14.6,67,1.98,350,0.0,983.7,95.0
2025-03-03 03:00:00,14.0,70,1.82,352,0.0,983.4,105.0
2025-03-03 04:00:00,13.2,73,1.46,352,0.0,983.5,80.0
2025-03-03 05:00:00,13.0,75,1.41,352,0.0,983.9,65.0
2025-03-03 06:00:00,13.6,75,1.55,4,0.0,984.5,80.0
2025-03-03 07:00:00,14.4,73,1.35,356,0.0,985.2,65.0
2025-03-03 08:00:00,16.8,66,0.84,17,0.0,986.1,75.0
2025-03-03 09:00:00,19.9,54,0.34,153,0.0,986.9,160.0
2025-03-03 10:00:00,22.5,39,0.54,124,0.0,987.1,300.0
2025-03-03 11:00:00,24.5,31,0.71,129,0.0,986.5,505.0
2025-03-03 12:00:00,25.9,30,1.36,186,0.0,985.6,800.0
2025-03-03 13:00:00,26.5,34,1.98,196,0.0,984.6,985.0
2025-03-03 14:00:00,26.7,36,2.35,192,0.0,983.5,1010.0
2025-03-03 15:00:00,26.0,40,2.28,189,0.0,982.5,865.0
2025-03-03 16:00:00,25.5,45,2.15,158,0.0,982.2,645.0
2025-03-03 17:00:00,24.3,51,2.16,138,0.0,981.9,465.0
2025-03-03 18:00:00,23.4,53,2.47,144,0.0,982.4,220.0
2025-03-03 19:00:00,22.7,56,2.72,133,0.0,982.3,210.0
2025-03-03 20:00:00,22.2,58,2.49,128,0.0,982.8,200.0
2025-03-03 21:00:00,21.7,58,2.69,132,0.0,982.9,195.0
2025-03-03 22:00:00,21.1,59,2.13,131,0.0,982.9,145.0
2025-03-03 23:00:00,20.5,61,1.97,153,0.0,982.6,140.0
2025-03-04 00:00:00,19.7,65,2.56,176,0.0,982.5,155.0
2025-03-04 01:00:00,18.9,68,2.34,200,0.0,981.9,115.0
2025-03-04 02:00:00,18.5,68,2.71,266,0.0,981.5,135.0
2025-03-04 03:00:00,17.3,72,2.47,277,0.0,981.9,140.0
2025-03-04 04:00:00,16.2,76,1.76,265,0.0,981.8,70.0
2025-03-04 05:00:00,15.7,78,2.37,263,0.0,982.2,75.0
2025-03-04 06:00:00,16.7,79,2.56,274,0.0,983.3,125.0
2025-03-04 07:00:00,16.7,79,3.0,268,0.0,984.2,165.0
2025-03-04 08:00:00,18.2,75,2.92,277,0.0,985.8,375.0
2025-03-04 09:00:00,20.0,63,3.35,280,0.0,986.9,520.0
2025-03-04 10:00:00,21.7,51,3.4,280,0.0,987.4,645.0
2025-03-04 11:00:00,23.2,47,3.27,289,0.0,987.6,930.0
2025-03-04 12:00:00,24.3,43,3.39,307,0.0,987.1,1810.0
2025-03-04 13:00:00,24.8,38,3.56,308,0.0,986.5,2130.0
2025-03-04 14:00:00,24.8,37,4.33,306,0.0,985.9,2170.0
2025-03-04 15:00:00,24.5,38,4.4,302,0.0,985.7,2245.0
2025-03-04 16:00:00,23.8,38,4.51,301,0.0,985.8,2010.0
2025-03-04 17:00:00,22.7,42,4.76,310,0.0,986.0,1540.0
2025-03-04 18:00:00,20.9,50,4.93,320,0.0,987.0,925.0
2025-03-04 19:00:00,20.1,51,4.12,310,0.0,987.4,840.0
2025-03-04 20:00:00,19.3,49,4.3,309,0.0,987.8,665.0
2025-03-04 21:00:00,18.1,51,4.15,310,0.0,988.3,575.0
2025-03-04 22:00:00,17.2,52,4.06,308,0.0,988.6,620.0
2025-03-04 23:00:00,16.5,54,4.05,309,0.0,988.5,640.0
2025-03-05 00:00:00,15.7,57,4.21,307,0.0,987.9,585.0
2025-03-05 01:00:00,15.1,59,4.42,308,0.0,987.7,600.0
2025-03-05 02:00:00,14.5,61,4.53,304,0.0,987.2,560.0
2025-03-05 03:00:00,13.8,63,4.47,302,0.0,986.9,520.0
2025-03-05 04:00:00,13.3,61,4.66,303,0.0,986.6,520.0
2025-03-05 05:00:00,12.9,55,4.94,302,0.0,986.7,555.0
2025-03-05 06:00:00,12.5,64,4.93,300,0.0,987.2,585.0
2025-03-05 07:00:00,12.7,63,5.08,296,0.0,987.4,570.0
2025-03-05 08:00:00,14.0,59,4.48,290,0.0,987.7,620.0
2025-03-05 09:00:00,16.0,52,5.28,296,0.0,988.5,805.0
2025-03-05 10:00:00,18.1,45,5.78,303,0.0,988.4,920.0
2025-03-05 11:00:00,19.8,39,6.32,305,0.0,988.2,1050.0
2025-03-05 12:00:00,21.3,33,6.69,308,0.0,987.2,1155.0
2025-03-05 13:00:00,22.2,29,6.84,306,0.0,986.3,1245.0
2025-03-05 14:00:00,22.7,27,6.72,300,0.0,985.4,1295.0
2025-03-05 15:00:00,22.7,26,6.51,295,0.0,984.7,1280.0
2025-03-05 16:00:00,22.3,30,6.05,292,0.0,984.3,1230.0
2025-03-05 17:00:00,21.4,31,5.52,297,0.0,984.3,1215.0
2025-03-05 18:00:00,20.6,33,5.33,302,0.0,985.0,1115.0
2025-03-05 19:00:00,20.0,33,5.31,300,0.0,985.2,1015.0
2025-03-05 20:00:00,19.4,32,5.45,302,0.0,985.4,935.0
2025-03-05 21:00:00,18.6,35,5.31,308,0.0,985.9,905.0
2025-03-05 22:00:00,18.1,38,5.36,310,0.0,986.0,885.0
2025-03-05 23:00:00,17.5,39,4.95,308,0.0,985.6,695.0
2025-03-06 00:00:00,16.7,42,4.54,302,0.0,985.2,555.0
2025-03-06 01:00:00,15.6,45,4.3,293,0.0,985.1,410.0
2025-03-06 02:00:00,14.9,46,4.42,292,0.0,984.3,385.0
2025-03-06 03:00:00,14.6,45,4.41,296,0.0,983.5,355.0
2025-03-06 04:00:00,14.2,46,4.32,295,0.0,983.4,320.0
2025-03-06 05:00:00,13.7,47,4.09,297,0.0,983.1,290.0
2025-03-06 06:00:00,12.8,57,4.04,292,0.0,983.4,270.0
2025-03-06 07:00:00,13.2,55,4.29,289,0.0,984.0,265.0
2025-03-06 08:00:00,14.9,53,4.38,287,0.0,985.6,380.0
2025-03-06 09:00:00,17.4,47,3.91,286,0.0,986.1,430.0
2025-03-06 10:00:00,20.1,40,4.14,290,0.0,986.2,560.0
2025-03-06 11:00:00,22.4,33,4.3,295,0.0,986.0,695.0
2025-03-06 12:00:00,24.2,29,4.34,296,0.0,985.4,770.0
2025-03-06 13:00:00,25.3,26,4.17,293,0.0,984.7,820.0
2025-03-06 14:00:00,26.1,24,3.94,285,0.0,984.4,845.0
2025-03-06 15:00:00,26.3,24,3.63,285,0.0,984.1,885.0
2025-03-06 16:00:00,25.9,25,3.2,280,0.0,983.8,800.0
2025-03-06 17:00:00,24.3,35,2.1,269,0.0,983.6,415.0
2025-03-06 18:00:00,21.9,46,1.3,286,0.0,984.1,65.0
2025-03-06 19:00:00,21.1,47,0.83,303,0.0,984.1,30.0
2025-03-06 20:00:00,20.3,47,0.72,282,0.0,984.8,20.0
2025-03-06 21:00:00,19.5,49,0.62,256,0.0,985.0,15.0
2025-03-06 22:00:00,18.8,49,0.85,270,0.0,984.7,20.0
2025-03-06 23:00:00,18.1,51,1.26,288,0.0,984.6,30.0
2025-03-07 00:00:00,17.0,54,1.5,285,0.0,984.2,30.0
2025-03-07 01:00:00,16.4,58,1.13,315,0.0,983.8,20.0
2025-03-07 02:00:00,15.6,61,1.71,15,0.0,983.4,50.0
2025-03-07 03:00:00,14.9,64,1.02,11,0.0,982.8,40.0
2025-03-07 04:00:00,15.1,61,0.25,270,0.0,982.5,10.0
2025-03-07 05:00:00,13.6,67,0.85,230,0.0,982.5,20.0
2025-03-07 06:00:00,12.7,75,1.58,252,0.0,983.6,35.0
2025-03-07 07:00:00,13.0,75,2.02,261,0.0,984.0,40.0
2025-03-07 08:00:00,16.0,63,1.65,270,0.0,984.7,65.0
2025-03-07 09:00:00,19.9,52,1.25,272,0.0,985.3,140.0
2025-03-07 10:00:00,23.2,38,1.42,288,0.0,985.2,380.0
2025-03-07 11:00:00,25.3,28,1.59,298,0.0,984.9,745.0
2025-03-07 12:00:00,26.6,24,1.75,294,0.0,983.9,935.0
2025-03-07 13:00:00,27.4,23,2.16,283,0.0,982.7,1115.0
2025-03-07 14:00:00,27.8,23,2.67,287,0.0,982.2,1180.0
2025-03-07 15:00:00,27.6,24,2.92,292,0.0,981.7,1105.0
2025-03-07 16:00:00,27.0,26,2.85,292,0.0,981.6,975.0
2025-03-07 17:00:00,25.5,31,2.17,289,0.0,981.4,425.0
2025-03-07 18:00:00,22.8,44,1.51,304,0.0,981.9,130.0
2025-03-07 19:00:00,21.7,50,1.38,314,0.0,981.6,65.0
2025-03-07 20:00:00,20.7,49,1.66,314,0.0,982.0,80.0
2025-03-07 21:00:00,20.0,51,1.46,286,0.0,982.2,60.0
2025-03-07 22:00:00,19.2,51,1.52,261,0.0,982.1,45.0
2025-03-07 23:00:00,18.4,53,1.95,293,0.0,982.1,60.0
2025-03-08 00:00:00,17.9,54,2.13,300,0.0,982.5,75.0
2025-03-08 01:00:00,17.3,56,2.12,297,0.0,982.2,80.0
2025-03-08 02:00:00,16.3,60,1.82,279,0.0,981.2,55.0
2025-03-08 03:00:00,15.5,62,1.85,268,0.0,980.2,50.0
2025-03-08 04:00:00,14.9,63,2.35,272,0.0,980.0,55.0
2025-03-08 05:00:00,14.4,64,2.5,273,0.0,980.3,65.0
2025-03-08 06:00:00,14.5,68,2.74,285,0.0,980.9,85.0
2025-03-08 07:00:00,15.0,66,2.5,290,0.0,981.8,90.0
2025-03-08 08:00:00,17.5,61,2.35,274,0.0,982.5,125.0
2025-03-08 09:00:00,20.9,50,2.11,275,0.0,983.3,230.0
2025-03-08 10:00:00,24.0,41,2.46,283,0.0,983.6,460.0
2025-03-08 11:00:00,26.7,32,2.65,302,0.0,983.0,1155.0
2025-03-08 12:00:00,28.4,24,3.38,297,0.0,982.5,1335.0
2025-03-08 13:00:00,29.1,23,3.54,303,0.0,981.5,1550.0
2025-03-08 14:00:00,29.4,23,3.37,302,0.0,980.8,1745.0
2025-03-08 15:00:00,29.2,24,3.22,300,0.0,980.5,1635.0
2025-03-08 16:00:00,28.5,27,2.94,302,0.0,980.4,1390.0
2025-03-08 17:00:00,27.3,31,2.27,292,0.0,980.4,900.0
2025-03-08 18:00:00,24.8,42,2.41,265,0.0,981.0,205.0
2025-03-08 19:00:00,23.0,49,1.49,256,0.0,981.3,75.0
2025-03-08 20:00:00,21.5,55,1.28,231,0.0,981.9,40.0
2025-03-08 21:00:00,21.2,57,0.67,297,0.0,982.5,20.0
2025-03-08 22:00:00,21.0,56,0.96,6,0.0,982.9,30.0
2025-03-08 23:00:00,20.9,55,0.32,108,0.0,982.7,15.0
2025-03-09 00:00:00,20.0,57,0.55,185,0.0,982.7,20.0
2025-03-09 01:00:00,20.5,54,0.05,90,0.0,982.6,10.0
2025-03-09 02:00:00,19.0,58,0.49,156,0.0,982.7,20.0
2025-03-09 03:00:00,17.9,63,0.63,72,0.0,982.2,30.0
2025-03-09 04:00:00,16.9,68,0.82,104,0.0,982.0,30.0
2025-03-09 05:00:00,16.2,69,1.39,111,0.0,982.3,30.0
2025-03-09 06:00:00,16.7,74,1.49,104,0.0,983.2,40.0
2025-03-09 07:00:00,17.7,69,1.86,144,0.0,984.4,45.0
2025-03-09 08:00:00,20.3,62,1.81,132,0.0,985.7,90.0
2025-03-09 09:00:00,23.7,50,1.59,134,0.0,986.6,195.0
2025-03-09 10:00:00,26.5,39,2.32,143,0.0,986.9,460.0
2025-03-09 11:00:00,28.3,32,2.4,144,0.0,986.9,830.0
2025-03-09 12:00:00,29.7,27,2.24,151,0.0,986.4,1125.0
2025-03-09 13:00:00,30.4,25,2.32,161,0.0,985.4,1365.0
2025-03-09 14:00:00,30.8,25,2.23,164,0.0,984.8,1520.0
2025-03-09 15:00:00,30.8,25,2.15,168,0.0,984.4,1515.0
2025-03-09 16:00:00,30.3,26,2.49,170,0.0,984.3,1310.0
2025-03-09 17:00:00,29.0,30,2.95,165,0.0,984.4,870.0
2025-03-09 18:00:00,26.6,38,1.7,152,0.0,985.4,195.0
2025-03-09 19:00:00,25.1,43,1.74,129,0.0,985.9,135.0
2025-03-09 20:00:00,24.4,46,2.19,114,0.0,986.8,140.0
2025-03-09 21:00:00,23.6,49,2.44,113,0.0,986.9,140.0
2025-03-09 22:00:00,22.6,54,2.46,103,0.0,987.0,145.0
2025-03-09 23:00:00,21.4,58,1.8,103,0.0,987.1,125.0
2025-03-10 00:00:00,20.7,58,2.28,99,0.0,987.1,130.0
2025-03-10 01:00:00,20.0,60,2.52,104,0.0,986.7,140.0
2025-03-10 02:00:00,19.5,62,2.71,120,0.0,986.5,160.0
2025-03-10 03:00:00,19.1,65,2.65,122,0.0,986.1,150.0
2025-03-10 04:00:00,18.6,66,2.64,127,0.0,986.3,155.0
2025-03-10 05:00:00,18.3,67,2.51,119,0.0,986.8,135.0
2025-03-10 06:00:00,18.5,70,2.49,112,0.0,988.3,150.0
2025-03-10 07:00:00,18.9,69,2.78,120,0.0,989.2,175.0
2025-03-10 08:00:00,20.6,64,2.35,117,0.0,990.2,240.0
2025-03-10 09:00:00,23.2,56,2.57,119,0.0,991.1,370.0
2025-03-10 10:00:00,25.9,48,2.98,125,0.0,991.5,605.0
2025-03-10 11:00:00,28.0,41,3.72,132,0.0,991.1,890.0
2025-03-10 12:00:00,29.2,36,3.83,139,0.0,990.1,1025.0
2025-03-10 13:00:00,30.2,34,3.43,143,0.0,989.2,1150.0
2025-03-10 14:00:00,30.7,31,3.02,141,0.0,988.1,1215.0
2025-03-10 15:00:00,30.7,30,2.77,141,0.0,987.3,1190.0
2025-03-10 16:00:00,30.3,31,2.67,142,0.0,986.6,1125.0
2025-03-10 17:00:00,29.2,34,2.14,147,0.0,986.7,805.0
2025-03-10 18:00:00,27.2,42,1.17,170,0.0,987.1,80.0
2025-03-10 19:00:00,26.1,43,1.45,134,0.0,987.4,85.0
2025-03-10 20:00:00,25.0,48,1.42,100,0.0,988.1,90.0
2025-03-10 21:00:00,24.2,51,1.61,95,0.0,988.1,95.0
2025-03-10 22:00:00,23.7,52,1.6,104,0.0,988.0,85.0
2025-03-10 23:00:00,22.9,57,1.41,117,0.0,987.5,65.0
2025-03-11 00:00:00,22.1,61,1.31,133,0.0,987.0,50.0
2025-03-11 01:00:00,21.1,64,1.49,132,0.0,986.4,50.0
2025-03-11 02:00:00,20.4,66,1.37,156,0.0,985.9,50.0
2025-03-11 03:00:00,19.7,68,1.42,162,0.0,985.4,50.0
2025-03-11 04:00:00,19.0,70,1.37,147,0.0,985.5,45.0
2025-03-11 05:00:00,18.4,75,0.5,96,0.0,985.7,20.0
2025-03-11 06:00:00,18.9,74,0.38,113,0.0,986.3,15.0
2025-03-11 07:00:00,20.0,70,0.68,107,0.0,987.0,15.0
2025-03-11 08:00:00,22.9,60,1.05,155,0.0,988.2,70.0
2025-03-11 09:00:00,26.4,47,0.89,128,0.0,988.8,155.0
2025-03-11 10:00:00,29.1,37,0.96,118,0.0,988.7,360.0
2025-03-11 11:00:00,31.2,31,0.69,150,0.0,988.5,725.0
2025-03-11 12:00:00,32.5,28,0.86,173,0.0,987.5,1270.0
2025-03-11 13:00:00,33.2,27,1.34,207,0.0,986.2,1810.0
2025-03-11 14:00:00,33.3,26,1.56,222,0.0,985.1,1950.0
2025-03-11 15:00:00,33.5,24,1.75,233,0.0,984.4,1840.0
2025-03-11 16:00:00,33.2,23,2.09,230,0.0,983.8,1505.0
2025-03-11 17:00:00,31.8,27,1.77,245,0.0,984.0,225.0
2025-03-11 18:00:00,29.6,36,1.72,343,0.0,984.7,340.0
2025-03-11 19:00:00,28.2,39,1.76,7,0.0,984.6,115.0
2025-03-11 20:00:00,27.4,45,2.54,10,0.0,984.9,285.0
2025-03-11 21:00:00,25.7,56,1.29,347,0.0,984.9,160.0
2025-03-11 22:00:00,24.7,60,1.27,318,0.0,984.8,80.0
2025-03-11 23:00:00,23.7,62,1.28,309,0.0,984.1,55.0
2025-03-12 00:00:00,23.1,64,1.55,291,0.0,983.9,60.0
2025-03-12 01:00:00,22.1,69,2.23,279,0.0,983.4,70.0
2025-03-12 02:00:00,21.3,72,2.31,288,0.0,982.6,85.0
2025-03-12 03:00:00,20.7,75,2.31,292,0.0,982.0,90.0
2025-03-12 04:00:00,20.4,75,2.39,303,0.0,981.6,90.0
2025-03-12 05:00:00,20.4,72,2.42,308,0.0,981.6,90.0
2025-03-12 06:00:00,19.6,81,2.58,306,0.0,982.5,110.0
2025-03-12 07:00:00,20.5,76,2.86,297,0.0,982.9,120.0
2025-03-12 08:00:00,22.7,68,2.44,293,0.0,983.7,185.0
2025-03-12 09:00:00,25.7,55,2.45,303,0.0,984.1,330.0
2025-03-12 10:00:00,28.5,40,3.15,312,0.0,984.2,585.0
2025-03-12 11:00:00,30.2,32,3.3,309,0.0,984.0,815.0
2025-03-12 12:00:00,31.4,29,3.02,297,0.0,983.2,1075.0
2025-03-12 13:00:00,32.3,26,3.25,284,0.0,982.3,1395.0
2025-03-12 14:00:00,32.6,25,3.46,284,0.0,981.1,1545.0
2025-03-12 15:00:00,32.3,26,3.5,287,0.0,980.7,1510.0
2025-03-12 16:00:00,31.5,28,3.36,295,0.0,980.3,1290.0
2025-03-12 17:00:00,30.3,30,2.92,301,0.0,980.0,845.0
2025-03-12 18:00:00,28.7,38,2.34,320,0.0,980.3,340.0
2025-03-12 19:00:00,27.7,44,2.35,331,0.0,980.7,305.0
2025-03-12 20:00:00,26.8,47,1.53,322,0.0,981.0,160.0
2025-03-12 21:00:00,25.8,51,1.3,298,0.0,981.4,60.0
2025-03-12 22:00:00,25.1,53,1.9,305,0.0,981.7,90.0
2025-03-12 23:00:00,24.6,53,2.16,320,0.0,981.5,155.0
2025-03-13 00:00:00,24.2,53,1.87,351,0.0,981.2,145.0
2025-03-13 01:00:00,23.4,54,1.81,6,0.0,980.3,120.0
2025-03-13 02:00:00,22.7,56,1.46,6,0.0,979.7,95.0
2025-03-13 03:00:00,22.2,59,0.92,347,0.0,979.3,45.0
2025-03-13 04:00:00,21.7,58,1.06,229,0.0,979.3,35.0
2025-03-13 05:00:00,21.1,60,1.46,276,0.0,979.4,35.0
2025-03-13 06:00:00,21.2,68,1.97,279,0.0,980.6,60.0
2025-03-13 07:00:00,21.1,69,2.0,270,0.0,981.3,70.0
2025-03-13 08:00:00,23.4,62,1.4,268,0.0,982.3,120.0
2025-03-13 09:00:00,26.4,51,1.17,280,0.0,983.1,225.0
2025-03-13 10:00:00,28.4,43,1.08,304,0.0,983.2,435.0
2025-03-13 11:00:00,28.2,45,4.59,349,0.0,983.2,865.0
2025-03-13 12:00:00,29.6,37,1.92,62,0.0,981.9,805.0
2025-03-13 13:00:00,31.1,33,1.19,112,0.0,980.7,1190.0
2025-03-13 14:00:00,31.8,33,1.92,195,0.0,979.5,1930.0
2025-03-13 15:00:00,30.3,36,3.38,207,0.7,979.3,1745.0
2025-03-13 16:00:00,29.8,37,1.87,196,0.0,979.1,1545.0
2025-03-13 17:00:00,22.9,65,2.5,268,1.1,980.3,360.0
2025-03-13 18:00:00,26.6,45,1.63,27,0.0,978.7,180.0
2025-03-13 19:00:00,25.3,54,1.59,49,0.0,979.1,120.0
2025-03-13 20:00:00,24.2,57,1.67,41,0.0,979.8,145.0
2025-03-13 21:00:00,23.3,60,1.5,26,0.0,980.5,115.0
2025-03-13 22:00:00,22.9,63,1.27,45,0.0,980.4,90.0
2025-03-13 23:00:00,22.1,65,1.43,36,0.0,980.1,70.0
2025-03-14 00:00:00,21.6,65,1.52,27,0.0,979.9,85.0
2025-03-14 01:00:00,21.3,66,1.17,47,0.0,979.9,50.0
2025-03-14 02:00:00,20.7,67,1.51,34,0.0,979.6,85.0
2025-03-14 03:00:00,20.3,69,0.76,67,0.0,979.3,50.0
2025-03-14 04:00:00,19.4,70,1.69,168,0.0,979.6,55.0
2025-03-14 05:00:00,18.4,76,1.16,173,0.0,980.0,35.0
2025-03-14 06:00:00,18.8,85,0.94,212,0.0,981.1,25.0
2025-03-14 07:00:00,19.8,81,1.52,221,0.0,982.0,25.0
2025-03-14 08:00:00,23.0,70,1.05,185,0.0,983.1,50.0
2025-03-14 09:00:00,26.3,56,1.24,166,0.0,984.2,225.0
2025-03-14 10:00:00,28.5,47,1.76,165,0.0,984.2,430.0
2025-03-14 11:00:00,30.1,40,1.84,167,0.0,983.9,830.0
2025-03-14 12:00:00,31.6,28,1.61,173,0.0,983.2,2195.0
2025-03-14 13:00:00,32.2,24,1.63,169,0.0,982.1,2505.0
2025-03-14 14:00:00,32.5,21,1.47,190,0.0,981.0,2705.0
2025-03-14 15:00:00,32.3,20,2.7,220,0.0,980.4,2800.0
2025-03-14 16:00:00,30.8,24,3.42,245,0.0,980.3,580.0
2025-03-14 17:00:00,29.0,32,1.9,256,0.0,980.3,180.0
2025-03-14 18:00:00,26.6,52,1.21,294,0.0,981.3,50.0
2025-03-14 19:00:00,25.9,56,0.74,28,0.0,982.0,25.0
2025-03-14 20:00:00,25.3,47,2.38,51,0.0,982.2,195.0
2025-03-14 21:00:00,23.7,58,3.11,355,0.2,983.2,250.0
2025-03-14 22:00:00,22.4,64,3.46,45,0.0,982.8,225.0
2025-03-14 23:00:00,22.0,61,2.98,49,0.0,982.2,205.0
2025-03-15 00:00:00,21.4,65,3.11,37,0.0,982.2,270.0
2025-03-15 01:00:00,20.6,68,3.22,44,0.0,981.9,235.0
2025-03-15 02:00:00,19.9,69,2.83,73,0.0,981.0,250.0
2025-03-15 03:00:00,19.5,70,1.95,48,0.0,981.0,205.0
2025-03-15 04:00:00,19.2,69,2.36,32,0.0,981.3,235.0
2025-03-15 05:00:00,18.7,68,1.98,56,0.0,981.8,200.0
2025-03-15 06:00:00,18.9,72,4.77,30,0.0,983.2,500.0
2025-03-15 07:00:00,19.3,70,4.04,41,0.0,984.1,465.0
2025-03-15 08:00:00,20.7,65,3.11,44,0.0,984.8,465.0
2025-03-15 09:00:00,22.7,58,3.02,50,0.0,985.1,485.0
2025-03-15 10:00:00,24.9,50,3.09,63,0.0,985.1,540.0
2025-03-15 11:00:00,26.9,45,2.96,78,0.0,984.8,770.0
2025-03-15 12:00:00,28.5,40,3.13,107,0.0,984.2,1030.0
2025-03-15 13:00:00,29.6,39,3.12,122,0.0,983.3,1230.0
2025-03-15 14:00:00,29.7,41,2.51,136,0.0,982.7,1390.0
2025-03-15 15:00:00,30.1,39,1.95,151,0.0,982.1,1905.0
2025-03-15 16:00:00,28.9,37,2.97,197,0.0,982.2,1035.0
2025-03-15 17:00:00,28.0,44,1.02,191,0.0,981.8,295.0
2025-03-15 18:00:00,25.6,57,0.4,173,0.0,982.6,30.0
2025-03-15 19:00:00,24.9,58,0.36,236,0.0,983.4,20.0
2025-03-15 20:00:00,24.0,59,3.45,341,0.0,984.0,310.0
2025-03-15 21:00:00,22.7,65,3.55,358,0.0,984.6,270.0
2025-03-15 22:00:00,21.9,66,3.45,10,0.0,984.9,270.0
2025-03-15 23:00:00,21.2,67,3.26,4,0.0,984.6,250.0
2025-03-16 00:00:00,20.6,67,3.12,354,0.0,984.6,220.0
2025-03-16 01:00:00,20.0,69,2.85,349,0.0,984.3,215.0
2025-03-16 02:00:00,19.2,72,2.62,352,0.0,984.1,260.0
2025-03-16 03:00:00,18.6,75,2.23,344,0.0,983.9,220.0
2025-03-16 04:00:00,18.1,76,2.1,335,0.0,984.2,190.0
2025-03-16 05:00:00,17.6,77,2.72,328,0.3,984.7,185.0
2025-03-16 06:00:00,18.8,75,2.09,327,0.0,984.6,190.0
2025-03-16 07:00:00,19.4,72,2.53,308,0.0,985.2,155.0
2025-03-16 08:00:00,21.4,65,1.49,318,0.0,986.0,180.0
2025-03-16 09:00:00,23.1,58,1.89,12,0.0,986.9,365.0
2025-03-16 10:00:00,25.4,50,1.46,16,0.0,987.0,510.0
2025-03-16 11:00:00,27.1,43,1.4,35,0.0,986.7,990.0
2025-03-16 12:00:00,28.5,35,1.05,5,0.0,985.8,1630.0
2025-03-16 13:00:00,29.4,28,2.08,305,0.0,984.9,2560.0
2025-03-16 14:00:00,29.2,25,3.5,272,0.0,983.9,2595.0
2025-03-16 15:00:00,28.8,27,3.67,281,0.0,983.2,2325.0
2025-03-16 16:00:00,28.0,28,3.4,287,0.0,982.8,1770.0
2025-03-16 17:00:00,26.6,31,3.37,285,0.0,982.8,1125.0
2025-03-16 18:00:00,25.4,37,2.64,297,0.0,983.1,495.0
2025-03-16 19:00:00,24.2,41,2.34,312,0.0,983.8,275.0
2025-03-16 20:00:00,23.3,42,2.21,342,0.0,984.3,245.0
2025-03-16 21:00:00,22.7,43,2.33,345,0.0,984.6,250.0
2025-03-16 22:00:00,21.8,45,1.82,344,0.0,984.9,220.0
2025-03-16 23:00:00,21.0,46,1.8,341,0.0,984.6,195.0
2025-03-17 00:00:00,20.4,47,1.93,343,0.0,984.3,195.0
2025-03-17 01:00:00,19.8,47,2.1,348,0.0,984.4,195.0
2025-03-17 02:00:00,19.2,49,2.14,349,0.0,984.0,185.0
2025-03-17 03:00:00,18.6,52,1.96,341,0.0,983.8,155.0
2025-03-17 04:00:00,17.7,56,1.52,333,0.0,983.8,120.0
2025-03-17 05:00:00,17.5,57,1.83,296,0.0,984.2,85.0
2025-03-17 06:00:00,18.5,77,1.13,283,0.0,984.8,50.0
2025-03-17 07:00:00,19.0,75,2.33,280,0.0,985.6,120.0
2025-03-17 08:00:00,20.8,66,2.07,278,0.0,986.5,205.0
2025-03-17 09:00:00,23.2,57,2.12,289,0.0,987.1,445.0
2025-03-17 10:00:00,25.4,45,2.33,301,0.0,987.3,1280.0
2025-03-17 11:00:00,27.0,34,3.24,297,0.0,987.2,2060.0
2025-03-17 12:00:00,27.6,29,3.96,296,0.0,986.5,2310.0
2025-03-17 13:00:00,27.9,29,4.14,300,0.0,985.5,2265.0
2025-03-17 14:00:00,27.8,30,4.2,295,0.0,984.8,2225.0
2025-03-17 15:00:00,27.5,30,4.11,296,0.0,984.2,2165.0
2025-03-17 16:00:00,27.1,31,3.83,303,0.0,984.1,2065.0
2025-03-17 17:00:00,26.1,33,3.51,311,0.0,984.3,1745.0
2025-03-17 18:00:00,24.9,35,3.05,293,0.0,985.2,745.0
2025-03-17 19:00:00,23.8,39,2.5,307,0.0,986.0,390.0
2025-03-17 20:00:00,23.0,43,2.05,313,0.0,986.6,280.0
2025-03-17 21:00:00,22.2,45,1.6,309,0.0,986.9,165.0
2025-03-17 22:00:00,21.7,45,1.77,299,0.0,986.9,165.0
2025-03-17 23:00:00,21.0,48,1.84,299,0.0,986.4,120.0
2025-03-18 00:00:00,19.9,51,1.6,309,0.0,986.1,80.0
2025-03-18 01:00:00,19.5,52,2.06,309,0.0,985.7,100.0
2025-03-18 02:00:00,18.5,57,2.35,297,0.0,984.9,105.0
2025-03-18 03:00:00,17.7,59,2.55,298,0.0,984.3,110.0
2025-03-18 04:00:00,17.2,61,2.66,298,0.0,984.2,130.0
2025-03-18 05:00:00,16.7,63,2.49,300,0.0,984.2,130.0
2025-03-18 06:00:00,17.5,74,1.81,294,0.0,985.2,115.0
2025-03-18 07:00:00,18.0,72,2.15,267,0.0,986.2,105.0
2025-03-18 08:00:00,20.4,61,1.88,287,0.0,986.7,210.0
2025-03-18 09:00:00,23.2,49,2.27,292,0.0,987.2,530.0
2025-03-18 10:00:00,25.9,36,3.07,307,0.0,987.3,1170.0
2025-03-18 11:00:00,27.5,30,3.15,313,0.0,986.8,1505.0
2025-03-18 12:00:00,28.6,26,3.11,314,0.0,986.1,1755.0
2025-03-18 13:00:00,29.4,25,3.23,311,0.0,985.1,1910.0
2025-03-18 14:00:00,29.6,23,3.31,304,0.0,984.3,1930.0
2025-03-18 15:00:00,29.4,24,3.44,298,0.0,984.0,1850.0
2025-03-18 16:00:00,28.7,25,3.36,293,0.0,983.9,1655.0
2025-03-18 17:00:00,27.4,29,3.16,281,0.0,983.9,1230.0
2025-03-18 18:00:00,26.0,35,2.97,276,0.0,984.7,425.0
2025-03-18 19:00:00,24.6,42,2.86,275,0.0,985.0,225.0
2025-03-18 20:00:00,23.5,46,2.44,285,0.0,985.2,155.0
2025-03-18 21:00:00,22.7,46,1.99,288,0.0,985.6,100.0
2025-03-18 22:00:00,22.1,46,1.68,287,0.0,985.7,75.0
2025-03-18 23:00:00,22.1,43,1.91,290,0.0,985.8,80.0
2025-03-19 00:00:00,21.9,41,2.22,301,0.0,985.6,100.0
2025-03-19 01:00:00,21.1,44,2.29,302,0.0,985.5,100.0
2025-03-19 02:00:00,19.7,50,1.98,291,0.0,984.9,70.0
2025-03-19 03:00:00,18.6,55,1.62,279,0.0,984.5,50.0
2025-03-19 04:00:00,18.0,58,1.56,276,0.0,984.2,40.0
2025-03-19 05:00:00,17.7,60,1.36,276,0.0,984.4,35.0
2025-03-19 06:00:00,17.3,70,1.36,253,0.0,985.0,30.0
2025-03-19 07:00:00,18.6,64,2.25,267,0.0,986.0,45.0
2025-03-19 08:00:00,22.2,52,1.7,270,0.0,986.7,105.0
2025-03-19 09:00:00,25.7,40,1.5,270,0.0,987.7,285.0
2025-03-19 10:00:00,28.3,28,1.84,299,0.0,987.9,910.0
2025-03-19 11:00:00,30.0,22,2.11,306,0.0,987.7,1425.0
2025-03-19 12:00:00,31.2,19,2.34,310,0.0,987.3,1815.0
2025-03-19 13:00:00,32.0,18,2.59,311,0.0,986.3,2215.0
2025-03-19 14:00:00,32.2,17,2.9,306,0.0,985.6,2695.0
2025-03-19 15:00:00,31.7,18,3.18,303,0.0,985.1,2625.0
2025-03-19 16:00:00,30.7,21,3.35,308,0.0,985.0,2200.0
2025-03-19 17:00:00,29.3,27,3.36,313,0.0,985.2,1530.0
2025-03-19 18:00:00,28.4,24,2.56,321,0.0,985.7,480.0
2025-03-19 19:00:00,26.9,28,1.84,338,0.0,986.5,275.0
2025-03-19 20:00:00,25.1,37,1.22,19,0.0,986.8,80.0
2025-03-19 21:00:00,24.4,39,0.73,74,0.0,987.5,45.0
2025-03-19 22:00:00,24.0,39,0.51,79,0.0,987.6,25.0
2025-03-19 23:00:00,23.3,39,1.18,36,0.0,987.6,55.0
2025-03-20 00:00:00,22.7,40,0.82,38,0.0,987.6,60.0
2025-03-20 01:00:00,22.0,41,1.03,23,0.0,987.3,85.0
2025-03-20 02:00:00,20.8,42,1.58,11,0.0,986.7,120.0
2025-03-20 03:00:00,19.8,46,1.52,27,0.0,986.2,100.0
2025-03-20 04:00:00,19.1,47,1.52,41,0.0,986.0,75.0
2025-03-20 05:00:00,18.7,48,1.46,31,0.0,986.2,60.0
2025-03-20 06:00:00,20.2,62,0.29,31,0.0,987.1,15.0
2025-03-20 07:00:00,21.4,56,0.57,315,0.0,987.9,20.0
2025-03-20 08:00:00,24.2,47,0.68,324,0.0,988.9,80.0
2025-03-20 09:00:00,27.6,35,0.32,309,0.0,989.4,210.0
2025-03-20 10:00:00,30.1,22,0.93,306,0.0,989.8,810.0
2025-03-20 11:00:00,31.6,18,1.66,303,0.0,989.5,1530.0
2025-03-20 12:00:00,32.7,15,2.54,306,0.0,988.6,2925.0
2025-03-20 13:00:00,32.9,14,3.36,314,0.0,987.6,3090.0
2025-03-20 14:00:00,32.4,15,3.54,314,0.0,986.7,2880.0
2025-03-20 15:00:00,32.0,17,3.18,314,0.0,986.0,2825.0
2025-03-20 16:00:00,31.2,18,3.75,312,0.0,985.6,2670.0
2025-03-20 17:00:00,29.8,21,4.06,308,0.0,985.6,1375.0
2025-03-20 18:00:00,28.7,19,2.73,332,0.0,985.7,735.0
2025-03-20 19:00:00,26.7,24,1.29,306,0.0,986.1,100.0
2025-03-20 20:00:00,25.6,30,2.16,275,0.0,987.0,85.0
2025-03-20 21:00:00,24.4,41,2.31,276,0.0,987.5,90.0
2025-03-20 22:00:00,23.9,43,2.98,293,0.0,987.7,175.0
2025-03-20 23:00:00,23.5,38,3.01,318,0.0,987.8,275.0
2025-03-21 00:00:00,22.6,36,2.53,333,0.0,987.4,185.0
2025-03-21 01:00:00,22.2,35,2.21,342,0.0,986.9,160.0
2025-03-21 02:00:00,21.8,35,2.14,339,0.0,986.4,180.0
2025-03-21 03:00:00,21.3,36,2.17,337,0.0,986.0,175.0
2025-03-21 04:00:00,20.7,38,2.13,330,0.0,985.9,180.0
2025-03-21 05:00:00,20.3,39,2.21,332,0.0,986.1,190.0
2025-03-21 06:00:00,19.4,60,2.56,301,0.0,987.0,125.0
2025-03-21 07:00:00,20.2,58,2.6,300,0.0,987.6,155.0
2025-03-21 08:00:00,22.3,51,2.04,292,0.0,988.6,230.0
2025-03-21 09:00:00,25.0,43,2.08,297,0.0,989.5,390.0
2025-03-21 10:00:00,27.5,34,2.3,311,0.0,989.6,700.0
2025-03-21 11:00:00,29.7,26,2.88,321,0.0,989.3,1220.0
2025-03-21 12:00:00,31.3,19,3.53,322,0.0,988.2,2555.0
2025-03-21 13:00:00,31.7,16,4.0,318,0.0,987.2,2835.0
2025-03-21 14:00:00,31.7,15,4.39,307,0.0,986.0,2895.0
2025-03-21 15:00:00,31.3,15,4.56,305,0.0,985.3,2805.0
2025-03-21 16:00:00,30.4,17,4.55,303,0.0,984.7,2560.0
2025-03-21 17:00:00,29.2,20,4.25,295,0.0,984.6,2080.0
2025-03-21 18:00:00,27.7,24,3.23,286,0.0,985.5,670.0
2025-03-21 19:00:00,26.2,30,2.99,288,0.0,985.8,450.0
2025-03-21 20:00:00,25.1,32,2.49,285,0.0,986.3,240.0
2025-03-21 21:00:00,23.9,33,2.61,290,0.0,986.5,235.0
2025-03-21 22:00:00,23.1,33,2.68,307,0.0,986.3,225.0
2025-03-21 23:00:00,22.5,34,2.68,307,0.0,986.2,190.0
2025-03-22 00:00:00,22.1,34,2.09,314,0.0,985.5,115.0
2025-03-22 01:00:00,21.2,36,1.61,300,0.0,984.9,75.0
2025-03-22 02:00:00,20.4,38,1.59,311,0.0,984.0,65.0
2025-03-22 03:00:00,19.6,40,2.76,265,0.0,983.8,85.0
2025-03-22 04:00:00,18.3,44,2.3,270,0.0,983.8,70.0
2025-03-22 05:00:00,17.7,46,2.4,253,0.0,983.9,65.0
2025-03-22 06:00:00,18.8,59,2.1,269,0.0,985.0,60.0
2025-03-22 07:00:00,20.0,55,2.35,270,0.0,985.7,85.0
2025-03-22 08:00:00,22.8,50,1.8,289,0.0,986.8,140.0
2025-03-22 09:00:00,25.7,40,1.72,278,0.0,987.7,295.0
2025-03-22 10:00:00,28.1,32,2.2,269,0.0,987.6,1310.0
2025-03-22 11:00:00,29.5,27,2.76,274,0.0,987.3,3045.0
2025-03-22 12:00:00,30.7,23,4.07,286,0.0,986.3,3845.0
2025-03-22 13:00:00,30.3,22,4.36,307,0.0,985.9,3290.0
2025-03-22 14:00:00,30.6,21,4.6,304,0.0,985.3,3385.0
2025-03-22 15:00:00,30.5,21,4.56,302,0.0,984.9,3335.0
2025-03-22 16:00:00,30.1,21,4.12,306,0.0,984.8,2985.0
2025-03-22 17:00:00,29.1,22,3.59,309,0.0,984.6,2385.0
2025-03-22 18:00:00,28.0,23,3.11,318,0.0,985.2,865.0
2025-03-22 19:00:00,26.5,27,2.34,320,0.0,985.8,230.0
2025-03-22 20:00:00,25.6,31,2.08,325,0.0,986.4,130.0
2025-03-22 21:00:00,24.9,35,1.79,333,0.0,986.6,85.0
2025-03-22 22:00:00,24.0,37,1.77,352,0.0,986.6,100.0
2025-03-22 23:00:00,22.6,42,1.45,27,0.0,986.5,75.0
2025-03-23 00:00:00,21.9,44,1.33,70,0.0,986.3,65.0
2025-03-23 01:00:00,20.8,48,0.99,131,0.0,985.9,40.0
2025-03-23 02:00:00,19.9,50,0.62,166,0.0,985.5,20.0
2025-03-23 03:00:00,19.2,52,0.76,191,0.0,985.4,20.0
2025-03-23 04:00:00,18.6,54,0.99,210,0.0,985.6,20.0
2025-03-23 05:00:00,18.2,54,1.03,194,0.0,985.9,20.0
2025-03-23 06:00:00,18.3,61,1.2,178,0.0,986.7,30.0
2025-03-23 07:00:00,20.5,52,1.71,165,0.0,987.9,35.0
2025-03-23 08:00:00,23.7,44,0.96,174,0.0,989.0,100.0
2025-03-23 09:00:00,26.8,34,1.45,184,0.0,989.8,455.0
2025-03-23 10:00:00,28.6,28,2.25,180,0.0,989.9,1010.0
2025-03-23 11:00:00,29.7,25,2.47,187,0.0,989.6,1315.0
2025-03-23 12:00:00,30.6,22,2.33,195,0.0,988.9,1660.0
2025-03-23 13:00:00,31.5,20,1.9,203,0.0,988.0,1960.0
2025-03-23 14:00:00,32.0,19,1.81,219,0.0,987.1,2135.0
2025-03-23 15:00:00,32.2,17,2.08,246,0.0,986.4,2220.0
2025-03-23 16:00:00,31.8,17,2.55,267,0.0,986.1,2010.0
2025-03-23 17:00:00,30.6,18,2.85,273,0.0,986.1,725.0
2025-03-23 18:00:00,29.2,23,2.94,288,0.0,986.9,250.0
2025-03-23 19:00:00,27.8,25,2.0,323,0.0,987.2,120.0
2025-03-23 20:00:00,26.3,30,0.6,48,0.0,987.5,55.0
2025-03-23 21:00:00,25.4,30,1.66,115,0.0,987.6,105.0
2025-03-23 22:00:00,24.2,36,1.61,95,0.0,987.6,90.0
2025-03-23 23:00:00,23.4,39,1.03,76,0.0,987.2,45.0
2025-03-24 00:00:00,22.5,42,0.85,118,0.0,986.7,35.0
2025-03-24 01:00:00,22.0,43,0.71,129,0.0,986.3,25.0
2025-03-24 02:00:00,21.7,44,0.57,135,0.0,985.4,20.0
2025-03-24 03:00:00,21.8,44,0.27,202,0.0,985.1,15.0
2025-03-24 04:00:00,21.5,44,0.1,270,0.0,985.2,10.0
2025-03-24 05:00:00,19.7,49,0.78,243,0.0,985.6,20.0
2025-03-24 06:00:00,19.6,57,2.34,160,0.0,987.3,85.0
2025-03-24 07:00:00,20.5,54,2.55,169,0.0,988.0,95.0
2025-03-24 08:00:00,23.5,46,1.88,169,0.0,989.0,170.0
2025-03-24 09:00:00,26.9,37,2.06,174,0.0,989.6,355.0
2025-03-24 10:00:00,29.4,28,2.7,177,0.0,989.6,785.0
2025-03-24 11:00:00,31.1,23,2.55,182,0.0,989.3,1570.0
2025-03-24 12:00:00,32.2,20,2.07,188,0.0,988.3,1855.0
2025-03-24 13:00:00,33.0,19,1.77,196,0.0,987.0,2095.0
2025-03-24 14:00:00,33.3,18,1.79,207,0.0,985.9,2250.0
2025-03-24 15:00:00,33.4,17,1.8,224,0.0,985.3,2280.0
2025-03-24 16:00:00,33.0,17,1.95,244,0.0,984.9,2140.0
2025-03-24 17:00:00,32.1,17,1.99,258,0.0,984.8,1230.0
2025-03-24 18:00:00,30.2,23,0.62,284,0.0,984.7,35.0
2025-03-24 19:00:00,28.7,24,0.85,21,0.0,985.0,50.0
2025-03-24 20:00:00,28.1,25,1.79,54,0.0,985.9,235.0
2025-03-24 21:00:00,26.9,29,1.86,36,0.0,986.3,135.0
2025-03-24 22:00:00,26.0,33,2.05,43,0.0,986.1,155.0
2025-03-24 23:00:00,24.7,38,1.56,48,0.0,985.6,115.0
2025-03-25 00:00:00,23.6,42,1.53,79,0.0,984.7,90.0
2025-03-25 01:00:00,22.7,46,1.62,99,0.0,984.3,85.0
2025-03-25 02:00:00,21.6,51,1.57,112,0.0,983.4,65.0
2025-03-25 03:00:00,20.9,54,1.49,132,0.0,982.9,55.0
2025-03-25 04:00:00,20.9,54,1.62,146,0.0,982.6,55.0
2025-03-25 05:00:00,20.6,54,1.9,145,0.0,982.6,60.0
2025-03-25 06:00:00,20.3,57,2.56,149,0.0,983.6,95.0
2025-03-25 07:00:00,21.5,52,2.51,149,0.0,984.1,90.0
2025-03-25 08:00:00,24.4,44,1.4,145,0.0,984.8,110.0
2025-03-25 09:00:00,28.0,33,1.35,141,0.0,985.5,195.0
2025-03-25 10:00:00,30.9,25,1.59,152,0.0,985.5,535.0
2025-03-25 11:00:00,32.8,21,1.62,171,0.0,984.7,1040.0
2025-03-25 12:00:00,34.1,19,1.41,186,0.0,983.8,1530.0
2025-03-25 13:00:00,35.1,17,1.17,211,0.0,982.6,2125.0
2025-03-25 14:00:00,35.7,15,1.41,243,0.0,981.5,2840.0
2025-03-25 15:00:00,35.9,14,2.06,266,0.0,980.6,3015.0
2025-03-25 16:00:00,35.5,13,2.43,284,0.0,980.2,3000.0
2025-03-25 17:00:00,34.8,13,1.74,297,0.0,980.1,2565.0
2025-03-25 18:00:00,32.4,15,1.62,351,0.0,980.4,205.0
2025-03-25 19:00:00,31.0,21,2.26,13,0.0,980.8,225.0
2025-03-25 20:00:00,29.1,27,1.52,17,0.0,981.3,165.0
2025-03-25 21:00:00,27.9,31,1.5,30,0.0,981.7,155.0
2025-03-25 22:00:00,26.9,36,1.61,60,0.0,981.5,115.0
2025-03-25 23:00:00,25.8,39,1.66,85,0.0,980.7,95.0
2025-03-26 00:00:00,24.3,44,1.26,124,0.0,980.2,60.0
2025-03-26 01:00:00,23.3,47,1.14,128,0.0,979.5,40.0
2025-03-26 02:00:00,22.6,47,1.36,152,0.0,978.9,40.0
2025-03-26 03:00:00,22.1,50,1.16,173,0.0,978.5,30.0
2025-03-26 04:00:00,22.2,50,0.45,186,0.0,978.5,15.0
2025-03-26 05:00:00,21.7,51,0.66,189,0.0,978.7,15.0
2025-03-26 06:00:00,21.2,58,0.46,257,0.0,979.4,15.0
2025-03-26 07:00:00,22.9,51,1.51,214,0.0,980.3,20.0
2025-03-26 08:00:00,27.0,41,1.33,200,0.0,981.4,90.0
2025-03-26 09:00:00,30.4,33,1.39,201,0.0,982.4,230.0
2025-03-26 10:00:00,33.3,23,2.02,200,0.0,982.6,670.0
2025-03-26 11:00:00,35.0,18,2.11,194,0.0,982.2,1210.0
2025-03-26 12:00:00,36.1,16,1.7,180,0.0,981.5,2710.0
2025-03-26 13:00:00,36.9,14,1.43,168,0.0,980.3,3185.0
2025-03-26 14:00:00,37.2,13,1.4,176,0.0,979.3,3265.0
2025-03-26 15:00:00,37.2,12,2.18,217,0.0,978.6,3315.0
2025-03-26 16:00:00,36.5,12,2.6,232,0.0,978.3,3145.0
2025-03-26 17:00:00,35.5,13,2.29,254,0.0,978.4,2555.0
2025-03-26 18:00:00,32.8,18,1.0,96,0.0,978.3,35.0
2025-03-26 19:00:00,31.3,20,1.1,93,0.0,978.7,35.0
2025-03-26 20:00:00,30.3,20,1.35,94,0.0,979.5,75.0
2025-03-26 21:00:00,30.0,21,2.51,67,0.0,980.2,175.0
2025-03-26 22:00:00,28.5,28,1.9,92,0.0,980.3,115.0
2025-03-26 23:00:00,27.2,31,1.84,119,0.0,980.0,85.0
2025-03-27 00:00:00,26.2,36,1.24,137,0.0,979.7,50.0
2025-03-27 01:00:00,25.9,35,1.66,159,0.0,979.4,55.0
2025-03-27 02:00:00,24.8,38,1.42,170,0.0,978.5,40.0
2025-03-27 03:00:00,24.3,39,1.47,198,0.0,978.5,40.0
2025-03-27 04:00:00,24.3,38,1.89,212,0.0,978.5,45.0
2025-03-27 05:00:00,24.6,35,2.33,235,0.0,979.0,60.0
2025-03-27 06:00:00,23.6,41,2.13,261,0.0,979.8,55.0
2025-03-27 07:00:00,24.5,38,2.46,264,0.0,980.5,90.0
2025-03-27 08:00:00,27.1,33,2.03,260,0.0,981.4,170.0
2025-03-27 09:00:00,30.1,27,2.29,259,0.0,982.0,310.0
2025-03-27 10:00:00,32.4,23,3.0,271,0.0,982.3,560.0
2025-03-27 11:00:00,34.0,21,3.23,286,0.0,982.0,1055.0
2025-03-27 12:00:00,35.2,19,3.38,297,0.0,981.3,2230.0
2025-03-27 13:00:00,35.8,18,3.4,294,0.0,980.5,2515.0
2025-03-27 14:00:00,35.9,17,3.44,296,0.0,979.6,2595.0
2025-03-27 15:00:00,35.7,17,3.0,288,0.0,978.7,2830.0
2025-03-27 16:00:00,35.3,17,2.26,257,0.0,978.2,2925.0
2025-03-27 17:00:00,34.7,17,2.09,249,0.0,978.0,2570.0
2025-03-27 18:00:00,32.8,21,1.44,326,0.0,977.9,130.0
2025-03-27 19:00:00,31.1,23,1.3,337,0.0,978.3,85.0
2025-03-27 20:00:00,29.7,26,1.17,340,0.0,978.7,75.0
2025-03-27 21:00:00,29.0,27,1.49,14,0.0,979.2,110.0
2025-03-27 22:00:00,28.4,30,0.61,9,0.0,979.2,35.0
2025-03-27 23:00:00,27.3,32,0.61,261,0.0,979.4,25.0
2025-03-28 00:00:00,26.2,33,2.07,278,0.0,979.3,55.0
2025-03-28 01:00:00,24.4,40,2.8,270,0.0,979.1,95.0
2025-03-28 02:00:00,23.3,46,3.6,271,0.0,979.0,160.0
2025-03-28 03:00:00,23.1,36,4.45,278,0.0,979.0,245.0
2025-03-28 04:00:00,22.3,26,4.57,286,0.0,979.6,330.0
2025-03-28 05:00:00,21.5,30,4.05,303,0.0,980.6,365.0
2025-03-28 06:00:00,21.4,38,3.36,316,0.0,981.6,345.0
2025-03-28 07:00:00,22.4,35,3.06,308,0.0,982.6,325.0
2025-03-28 08:00:00,24.3,31,3.2,295,0.0,983.7,560.0
2025-03-28 09:00:00,25.9,29,3.85,293,0.0,984.6,745.0
2025-03-28 10:00:00,27.6,25,4.2,302,0.0,984.9,785.0
2025-03-28 11:00:00,29.5,19,3.59,302,0.0,984.7,1335.0
2025-03-28 12:00:00,30.6,13,3.56,296,0.0,984.2,1510.0
2025-03-28 13:00:00,30.9,12,3.7,291,0.0,983.4,1490.0
2025-03-28 14:00:00,30.8,12,3.89,286,0.0,982.4,1400.0
2025-03-28 15:00:00,30.3,13,3.99,285,0.0,981.5,1290.0
2025-03-28 16:00:00,29.5,13,3.98,288,0.0,981.5,1155.0
2025-03-28 17:00:00,28.2,15,4.02,289,0.0,981.3,955.0
2025-03-28 18:00:00,27.1,19,3.58,298,0.0,981.7,820.0
2025-03-28 19:00:00,25.8,23,4.56,308,0.0,982.4,695.0
2025-03-28 20:00:00,24.8,24,4.63,308,0.0,983.3,655.0
2025-03-28 21:00:00,23.6,23,4.86,310,0.0,983.9,590.0
2025-03-28 22:00:00,22.6,21,4.62,310,0.0,984.1,495.0
2025-03-28 23:00:00,21.7,19,4.4,309,0.0,983.9,500.0
2025-03-29 00:00:00,20.8,19,4.45,308,0.0,983.7,510.0
2025-03-29 01:00:00,19.9,19,4.41,309,0.0,983.0,490.0
2025-03-29 02:00:00,19.1,19,4.27,308,0.0,982.5,475.0
2025-03-29 03:00:00,18.2,21,4.26,306,0.0,982.1,430.0
2025-03-29 04:00:00,17.6,23,4.22,306,0.0,981.9,440.0
2025-03-29 05:00:00,17.1,24,4.24,304,0.0,982.1,415.0
2025-03-29 06:00:00,15.9,32,4.07,299,0.0,982.8,360.0
2025-03-29 07:00:00,16.6,32,3.66,292,0.0,983.3,375.0
2025-03-29 08:00:00,18.8,29,3.68,288,0.0,984.0,465.0
2025-03-29 09:00:00,21.3,26,4.34,294,0.0,984.7,660.0
2025-03-29 10:00:00,23.8,22,4.62,301,0.0,984.9,780.0
2025-03-29 11:00:00,25.7,19,4.67,308,0.0,984.4,840.0
2025-03-29 12:00:00,27.0,17,4.38,308,0.0,983.6,860.0
2025-03-29 13:00:00,28.2,16,4.34,305,0.0,982.6,900.0
2025-03-29 14:00:00,28.4,17,4.39,300,0.0,981.9,900.0
2025-03-29 15:00:00,28.5,19,4.4,302,0.0,981.3,910.0
2025-03-29 16:00:00,28.0,21,4.37,303,0.0,980.8,915.0
2025-03-29 17:00:00,27.2,20,4.47,298,0.0,980.7,920.0
2025-03-29 18:00:00,25.5,22,3.45,294,0.0,981.6,785.0
2025-03-29 19:00:00,24.7,23,3.5,287,0.0,982.1,590.0
2025-03-29 20:00:00,24.3,22,3.99,294,0.0,982.7,520.0
2025-03-29 21:00:00,23.6,20,3.91,295,0.0,983.4,435.0
2025-03-29 22:00:00,22.7,21,3.71,297,0.0,983.4,395.0
2025-03-29 23:00:00,22.2,21,3.44,298,0.0,983.1,360.0
2025-03-30 00:00:00,21.7,22,3.65,303,0.0,982.8,350.0
2025-03-30 01:00:00,20.8,23,3.46,301,0.0,982.2,320.0
2025-03-30 02:00:00,19.9,25,3.34,300,0.0,981.7,265.0
2025-03-30 03:00:00,19.1,26,3.24,304,0.0,981.3,215.0
2025-03-30 04:00:00,18.4,27,3.22,300,0.0,981.3,180.0
2025-03-30 05:00:00,17.8,28,3.33,298,0.0,981.8,160.0
2025-03-30 06:00:00,17.4,33,3.32,307,0.0,982.4,190.0
2025-03-30 07:00:00,18.7,31,3.27,304,0.0,983.3,220.0
2025-03-30 08:00:00,21.1,28,2.26,288,0.0,984.3,290.0
2025-03-30 09:00:00,24.0,23,2.61,290,0.0,985.4,515.0
2025-03-30 10:00:00,26.9,19,3.05,302,0.0,985.6,915.0
2025-03-30 11:00:00,28.9,14,3.67,304,0.0,985.6,1030.0
2025-03-30 12:00:00,30.2,13,3.69,303,0.0,984.9,1075.0
2025-03-30 13:00:00,30.9,14,3.74,298,0.0,984.0,1135.0
2025-03-30 14:00:00,31.3,14,3.67,294,0.0,983.2,1150.0
2025-03-30 15:00:00,31.1,14,3.58,293,0.0,982.8,1140.0
2025-03-30 16:00:00,30.4,16,3.45,294,0.0,982.3,1045.0
2025-03-30 17:00:00,29.3,17,3.27,295,0.0,982.2,875.0
2025-03-30 18:00:00,27.7,20,2.73,305,0.0,982.5,555.0
2025-03-30 19:00:00,26.4,22,2.98,311,0.0,982.9,370.0
2025-03-30 20:00:00,25.6,23,2.79,316,0.0,983.7,250.0
2025-03-30 21:00:00,25.0,23,2.74,308,0.0,984.2,185.0
2025-03-30 22:00:00,24.4,23,2.77,296,0.0,984.4,150.0
2025-03-30 23:00:00,23.6,23,3.0,296,0.0,984.2,155.0
2025-03-31 00:00:00,22.5,24,2.94,310,0.0,984.1,160.0
2025-03-31 01:00:00,21.4,25,2.63,303,0.0,983.5,125.0
2025-03-31 02:00:00,20.8,25,2.84,304,0.0,982.8,120.0
2025-03-31 03:00:00,20.3,25,2.73,305,0.0,982.6,105.0
2025-03-31 04:00:00,19.5,26,2.77,304,0.0,982.5,100.0
2025-03-31 05:00:00,18.7,28,2.59,298,0.0,982.8,85.0
2025-03-31 06:00:00,17.8,35,2.23,286,0.0,983.6,70.0
2025-03-31 07:00:00,18.9,34,2.47,284,0.0,984.3,90.0
2025-03-31 08:00:00,21.9,30,1.75,272,0.0,985.3,140.0
2025-03-31 09:00:00,25.5,25,1.99,282,0.0,985.8,295.0
2025-03-31 10:00:00,28.8,19,2.57,294,0.0,986.1,660.0
2025-03-31 11:00:00,31.0,15,2.95,304,0.0,985.8,990.0
2025-03-31 12:00:00,32.5,13,2.96,307,0.0,985.0,1405.0
2025-03-31 13:00:00,33.4,12,3.06,308,0.0,984.2,1830.0
2025-03-31 14:00:00,33.6,12,3.25,301,0.0,983.3,2010.0
2025-03-31 15:00:00,33.4,12,3.67,294,0.0,982.4,2010.0
2025-03-31 16:00:00,32.6,12,3.92,293,0.0,982.0,1825.0
2025-03-31 17:00:00,31.3,13,3.84,291,0.0,981.7,1260.0
2025-03-31 18:00:00,29.9,15,3.48,286,0.0,982.2,495.0
2025-03-31 19:00:00,28.0,19,2.88,296,0.0,982.7,250.0
2025-03-31 20:00:00,26.9,21,2.82,303,0.0,983.1,190.0
2025-03-31 21:00:00,26.4,19,2.8,311,0.0,983.3,175.0
2025-03-31 22:00:00,26.0,18,3.24,308,0.0,983.1,275.0
2025-03-31 23:00:00,25.0,19,3.09,320,0.0,982.8,230.0
2025-04-01 00:00:00,24.0,21,2.34,320,0.0,982.3,145.0
2025-04-01 01:00:00,23.0,22,2.24,309,0.0,981.8,120.0
2025-04-01 02:00:00,22.0,24,2.28,308,0.0,981.1,110.0
2025-04-01 03:00:00,21.4,24,2.19,313,0.0,980.8,105.0
2025-04-01 04:00:00,20.8,24,1.91,311,0.0,980.9,90.0
2025-04-01 05:00:00,19.9,25,1.64,301,0.0,981.3,60.0
2025-04-01 06:00:00,19.7,32,1.64,308,0.0,982.0,75.0
2025-04-01 07:00:00,21.2,31,2.23,290,0.0,982.9,105.0
2025-04-01 08:00:00,23.7,27,1.75,272,0.0,984.1,205.0
2025-04-01 09:00:00,26.6,22,2.1,273,0.0,984.8,350.0
2025-04-01 10:00:00,29.4,17,2.45,282,0.0,985.0,1190.0
2025-04-01 11:00:00,31.5,12,3.38,299,0.0,985.0,1835.0
2025-04-01 12:00:00,32.5,11,3.85,298,0.0,984.4,2010.0
2025-04-01 13:00:00,32.9,11,3.98,297,0.0,983.7,2100.0
2025-04-01 14:00:00,33.0,12,3.99,292,0.0,982.8,2105.0
2025-04-01 15:00:00,32.8,12,4.05,290,0.0,982.0,2050.0
2025-04-01 16:00:00,32.3,12,4.0,290,0.0,981.5,1910.0
2025-04-01 17:00:00,31.3,12,3.58,293,0.0,981.2,1670.0
2025-04-01 18:00:00,29.7,15,3.24,283,0.0,981.9,585.0
2025-04-01 19:00:00,28.0,17,2.21,275,0.0,982.3,150.0
2025-04-01 20:00:00,26.8,19,1.7,256,0.0,982.7,75.0
2025-04-01 21:00:00,26.0,19,2.22,256,0.0,983.0,85.0
2025-04-01 22:00:00,25.0,20,2.0,270,0.0,982.8,85.0
2025-04-01 23:00:00,23.9,21,1.98,315,0.0,982.9,85.0
2025-04-02 00:00:00,23.2,24,1.91,303,0.0,982.7,70.0
2025-04-02 01:00:00,22.5,25,1.93,301,0.0,982.2,65.0
2025-04-02 02:00:00,21.9,26,1.82,302,0.0,981.6,60.0
2025-04-02 03:00:00,20.6,30,1.31,320,0.0,981.3,40.0
2025-04-02 04:00:00,20.7,30,0.54,338,0.0,981.4,20.0
2025-04-02 05:00:00,19.8,30,1.04,287,0.0,981.9,25.0
2025-04-02 06:00:00,18.4,38,1.52,247,0.0,982.8,30.0
2025-04-02 07:00:00,20.1,35,1.9,267,0.0,983.7,35.0
2025-04-02 08:00:00,24.5,27,1.35,268,0.0,984.9,70.0
2025-04-02 09:00:00,28.7,19,1.13,283,0.0,985.7,190.0
2025-04-02 10:00:00,31.5,14,1.32,307,0.0,986.0,730.0
2025-04-02 11:00:00,33.3,12,1.66,314,0.0,985.8,1620.0
2025-04-02 12:00:00,34.5,11,2.12,313,0.0,985.1,2375.0
2025-04-02 13:00:00,35.3,10,2.59,310,0.0,984.2,2770.0
2025-04-02 14:00:00,35.5,9,3.03,301,0.0,983.2,3115.0
2025-04-02 15:00:00,35.1,10,3.35,297,0.0,982.6,2980.0
2025-04-02 16:00:00,34.5,11,3.5,292,0.0,982.3,2720.0
2025-04-02 17:00:00,33.4,12,3.46,290,0.0,982.4,1695.0
2025-04-02 18:00:00,31.8,13,1.79,306,0.0,982.7,300.0
2025-04-02 19:00:00,29.2,17,1.29,324,0.0,983.3,90.0
2025-04-02 20:00:00,28.4,20,0.43,21,0.0,983.8,35.0
2025-04-02 21:00:00,26.7,20,1.03,157,0.0,983.9,25.0
2025-04-02 22:00:00,26.6,21,0.45,117,0.0,984.1,15.0
2025-04-02 23:00:00,25.6,22,0.4,330,0.0,984.1,15.0
2025-04-03 00:00:00,24.4,24,1.39,322,0.0,983.9,30.0
2025-04-03 01:00:00,23.9,26,0.39,230,0.0,983.5,15.0
2025-04-03 02:00:00,23.7,28,0.11,243,0.0,982.9,10.0
2025-04-03 03:00:00,22.7,28,1.83,11,0.0,982.7,55.0
2025-04-03 04:00:00,22.4,29,1.52,17,0.0,982.4,50.0
2025-04-03 05:00:00,21.6,32,0.97,102,0.0,982.8,35.0
2025-04-03 06:00:00,19.8,40,1.09,164,0.0,983.7,25.0
2025-04-03 07:00:00,22.3,33,2.01,176,0.0,984.9,35.0
2025-04-03 08:00:00,26.4,27,1.49,166,0.0,985.9,75.0
2025-04-03 09:00:00,30.5,21,1.52,157,0.0,986.5,260.0
2025-04-03 10:00:00,33.1,15,1.95,154,0.0,986.6,835.0
2025-04-03 11:00:00,34.8,11,1.53,169,0.0,986.4,1590.0
2025-04-03 12:00:00,35.9,9,1.3,203,0.0,985.6,3950.0
2025-04-03 13:00:00,36.1,8,1.15,214,0.0,984.8,4295.0
2025-04-03 14:00:00,36.8,7,0.85,208,0.0,983.6,4490.0
2025-04-03 15:00:00,36.9,7,1.1,185,0.0,982.7,4975.0
2025-04-03 16:00:00,36.4,7,1.08,158,0.0,982.0,5180.0
2025-04-03 17:00:00,35.3,8,1.98,159,0.0,981.9,350.0
2025-04-03 18:00:00,33.7,8,1.61,26,0.0,982.4,130.0
2025-04-03 19:00:00,32.3,9,2.46,6,0.0,983.4,545.0
2025-04-03 20:00:00,31.2,11,2.66,340,0.0,984.2,380.0
2025-04-03 21:00:00,28.8,15,1.52,9,0.0,985.1,185.0
2025-04-03 22:00:00,27.5,16,1.47,55,0.0,985.0,115.0
2025-04-03 23:00:00,26.7,20,0.57,75,0.0,984.6,35.0
2025-04-04 00:00:00,26.0,21,0.62,14,0.0,984.4,30.0
2025-04-04 01:00:00,25.0,22,0.94,65,0.0,984.2,50.0
2025-04-04 02:00:00,23.5,25,1.43,115,0.0,983.5,45.0
2025-04-04 03:00:00,23.0,27,0.4,187,0.0,983.2,15.0
2025-04-04 04:00:00,22.0,29,0.59,250,0.0,983.0,15.0
2025-04-04 05:00:00,21.2,30,0.5,264,0.0,983.2,15.0
2025-04-04 06:00:00,21.9,34,0.97,291,0.0,983.8,15.0
2025-04-04 07:00:00,24.3,30,1.96,322,0.0,984.9,25.0
2025-04-04 08:00:00,28.2,24,1.12,243,0.0,986.1,110.0
2025-04-04 09:00:00,31.1,18,1.23,249,0.0,986.5,255.0
2025-04-04 10:00:00,33.9,14,1.59,242,0.0,986.5,970.0
2025-04-04 11:00:00,35.4,11,1.61,275,0.0,985.9,2580.0
2025-04-04 12:00:00,36.1,10,2.01,289,0.0,985.1,3660.0
2025-04-04 13:00:00,36.7,10,2.58,292,0.0,984.1,3785.0
2025-04-04 14:00:00,36.7,10,3.38,294,0.0,983.1,3730.0
2025-04-04 15:00:00,36.3,10,3.93,292,0.0,982.3,3535.0
2025-04-04 16:00:00,35.5,11,4.2,297,0.0,981.9,3195.0
2025-04-04 17:00:00,34.6,12,3.87,306,0.0,981.6,2530.0
2025-04-04 18:00:00,33.4,12,2.84,309,0.0,981.7,615.0
2025-04-04 19:00:00,31.7,14,2.93,314,0.0,982.2,460.0
2025-04-04 20:00:00,30.8,16,2.77,321,0.0,982.5,265.0
2025-04-04 21:00:00,30.0,17,3.11,323,0.0,982.9,310.0
2025-04-04 22:00:00,28.8,18,2.95,326,0.0,983.0,325.0
2025-04-04 23:00:00,27.6,19,2.78,337,0.0,982.8,400.0
2025-04-05 00:00:00,26.4,21,1.73,338,0.0,982.3,200.0
2025-04-05 01:00:00,25.3,23,1.59,314,0.0,981.9,135.0
2025-04-05 02:00:00,24.4,24,1.54,299,0.0,981.7,80.0
2025-04-05 03:00:00,23.7,25,1.69,289,0.0,981.4,60.0
2025-04-05 04:00:00,23.0,27,2.0,283,0.0,981.3,65.0
2025-04-05 05:00:00,22.2,28,2.41,276,0.0,981.5,75.0
2025-04-05 06:00:00,21.8,33,2.41,283,0.0,982.7,85.0
2025-04-05 07:00:00,23.2,32,2.55,270,0.0,983.2,105.0
2025-04-05 08:00:00,25.9,28,2.05,269,0.0,984.0,205.0
2025-04-05 09:00:00,28.8,24,2.43,279,0.0,984.5,460.0
2025-04-05 10:00:00,31.2,21,2.9,291,0.0,984.7,1285.0
2025-04-05 11:00:00,32.9,18,3.69,298,0.0,984.3,1690.0
2025-04-05 12:00:00,34.0,17,4.14,297,0.0,983.1,1850.0
2025-04-05 13:00:00,34.5,16,4.27,294,0.0,982.2,1880.0
2025-04-05 14:00:00,34.7,16,4.05,290,0.0,981.3,1855.0
2025-04-05 15:00:00,34.7,16,4.1,292,0.0,980.5,1860.0
2025-04-05 16:00:00,34.2,17,3.92,293,0.0,980.0,1740.0
2025-04-05 17:00:00,33.3,18,3.6,299,0.0,979.7,1610.0
2025-04-05 18:00:00,32.1,17,2.71,293,0.0,980.2,630.0
2025-04-05 19:00:00,30.6,18,2.93,300,0.0,980.4,340.0
2025-04-05 20:00:00,29.5,20,2.06,296,0.0,980.7,115.0
2025-04-05 21:00:00,28.2,23,1.77,278,0.0,980.6,70.0
2025-04-05 22:00:00,28.0,23,2.49,280,0.0,980.5,100.0
2025-04-05 23:00:00,27.1,26,2.55,281,0.0,980.2,105.0
2025-04-06 00:00:00,25.8,29,2.02,300,0.0,980.0,90.0
2025-04-06 01:00:00,24.7,30,1.5,307,0.0,979.3,70.0
2025-04-06 02:00:00,24.1,29,1.38,289,0.0,978.9,45.0
2025-04-06 03:00:00,23.6,30,1.85,272,0.0,978.9,40.0
2025-04-06 04:00:00,22.7,31,2.31,275,0.0,978.8,55.0
2025-04-06 05:00:00,22.2,32,2.27,278,0.0,979.1,60.0
2025-04-06 06:00:00,21.8,35,2.3,270,0.0,980.0,55.0
2025-04-06 07:00:00,23.4,33,2.42,252,0.0,980.8,70.0
2025-04-06 08:00:00,27.0,29,1.63,243,0.0,981.5,110.0
2025-04-06 09:00:00,31.0,22,1.63,252,0.0,982.5,275.0
2025-04-06 10:00:00,33.7,17,2.02,263,0.0,982.8,980.0
2025-04-06 11:00:00,35.3,14,2.11,284,0.0,982.5,1600.0
2025-04-06 12:00:00,36.6,13,2.07,302,0.0,981.7,1975.0
2025-04-06 13:00:00,37.4,12,2.21,308,0.0,980.7,2215.0
2025-04-06 14:00:00,37.7,11,2.48,298,0.0,979.5,2360.0
2025-04-06 15:00:00,37.7,12,2.69,288,0.0,978.7,2355.0
2025-04-06 16:00:00,37.0,13,2.99,291,0.0,978.4,2110.0
2025-04-06 17:00:00,36.0,14,2.71,300,0.0,978.4,1440.0
2025-04-06 18:00:00,34.3,16,2.09,281,0.0,978.9,165.0
2025-04-06 19:00:00,32.9,18,1.76,290,0.0,979.3,95.0
2025-04-06 20:00:00,31.3,20,1.45,333,0.0,979.8,80.0
2025-04-06 21:00:00,30.8,22,0.56,333,0.0,980.0,30.0
2025-04-06 22:00:00,29.7,23,0.79,18,0.0,980.2,25.0
2025-04-06 23:00:00,29.0,23,1.39,52,0.0,980.2,30.0
2025-04-07 00:00:00,28.0,24,1.73,57,0.0,980.0,65.0
2025-04-07 01:00:00,26.9,27,1.1,85,0.0,979.5,50.0
2025-04-07 02:00:00,25.9,30,1.03,141,0.0,979.0,35.0
2025-04-07 03:00:00,24.9,32,1.25,164,0.0,979.2,35.0
2025-04-07 04:00:00,24.7,30,1.65,180,0.0,979.6,50.0
2025-04-07 05:00:00,23.9,31,1.57,171,0.0,980.1,45.0
2025-04-07 06:00:00,24.3,38,2.19,153,0.0,981.7,70.0
2025-04-07 07:00:00,25.7,35,2.23,136,0.0,982.4,80.0
2025-04-07 08:00:00,28.9,31,1.32,127,0.0,983.0,120.0
2025-04-07 09:00:00,32.5,26,1.22,125,0.0,984.0,225.0
2025-04-07 10:00:00,35.4,20,1.39,128,0.0,984.0,840.0
2025-04-07 11:00:00,37.2,15,1.39,120,0.0,983.6,1620.0
2025-04-07 12:00:00,38.3,14,1.16,97,0.0,983.0,2170.0
2025-04-07 13:00:00,39.0,13,1.03,76,0.0,981.9,2685.0
2025-04-07 14:00:00,39.3,13,1.19,75,0.0,980.7,3065.0
2025-04-07 15:00:00,39.4,13,1.35,92,0.0,979.9,3170.0
2025-04-07 16:00:00,39.3,13,1.5,116,0.0,979.6,3275.0
2025-04-07 17:00:00,38.8,13,1.14,165,0.0,979.6,3390.0
2025-04-07 18:00:00,36.0,17,0.54,292,0.0,980.2,35.0
2025-04-07 19:00:00,34.6,18,1.6,340,0.0,980.9,275.0
2025-04-07 20:00:00,33.1,20,1.35,31,0.0,981.5,170.0
2025-04-07 21:00:00,31.8,21,1.48,45,0.0,982.2,280.0
2025-04-07 22:00:00,30.3,26,1.23,58,0.0,982.4,135.0
2025-04-07 23:00:00,29.7,27,1.72,73,0.0,982.2,120.0
2025-04-08 00:00:00,28.9,28,1.85,52,0.0,981.8,105.0
2025-04-08 01:00:00,27.4,31,1.39,64,0.0,981.3,60.0
2025-04-08 02:00:00,26.8,32,1.48,78,0.0,981.1,65.0
2025-04-08 03:00:00,25.9,33,1.65,92,0.0,981.3,80.0
2025-04-08 04:00:00,25.1,34,2.3,86,0.0,981.7,85.0
2025-04-08 05:00:00,24.6,34,2.34,106,0.0,982.4,85.0
2025-04-08 06:00:00,25.0,36,2.87,121,0.0,984.0,120.0
2025-04-08 07:00:00,26.4,33,3.05,125,0.0,984.8,165.0
2025-04-08 08:00:00,29.0,28,2.59,118,0.0,985.8,260.0
2025-04-08 09:00:00,31.8,23,2.77,118,0.0,986.5,425.0
2025-04-08 10:00:00,34.6,19,2.87,119,0.0,986.8,625.0
2025-04-08 11:00:00,36.7,17,2.76,125,0.0,986.4,1180.0
2025-04-08 12:00:00,38.3,14,2.48,138,0.0,985.5,2015.0
2025-04-08 13:00:00,39.2,13,2.08,145,0.0,984.5,2560.0
2025-04-08 14:00:00,39.5,13,1.74,141,0.0,983.2,2995.0
2025-04-08 15:00:00,39.5,13,1.4,145,0.0,982.1,3220.0
2025-04-08 16:00:00,39.2,13,0.82,142,0.0,981.7,3415.0
2025-04-08 17:00:00,38.6,13,0.4,120,0.0,981.3,80.0
2025-04-08 18:00:00,36.1,16,1.15,88,0.0,981.6,85.0
2025-04-08 19:00:00,34.7,18,1.61,116,0.0,981.9,115.0
2025-04-08 20:00:00,33.4,20,1.7,92,0.0,982.5,135.0
2025-04-08 21:00:00,32.1,21,1.62,68,0.0,982.9,115.0
2025-04-08 22:00:00,31.8,23,0.95,72,0.0,982.9,60.0
2025-04-08 23:00:00,30.5,25,0.98,75,0.0,983.0,60.0
2025-04-09 00:00:00,29.2,27,1.6,104,0.0,982.9,85.0
2025-04-09 01:00:00,28.1,29,1.87,134,0.0,982.4,90.0
2025-04-09 02:00:00,27.8,30,2.33,145,0.0,981.9,100.0
2025-04-09 03:00:00,27.3,32,2.18,127,0.0,981.8,105.0
2025-04-09 04:00:00,26.3,35,2.25,111,0.0,982.2,95.0
2025-04-09 05:00:00,25.4,38,2.5,127,0.0,982.6,100.0
2025-04-09 06:00:00,26.6,45,2.34,132,0.0,983.2,120.0
2025-04-09 07:00:00,27.7,44,2.5,127,0.0,983.6,175.0
2025-04-09 08:00:00,30.1,38,2.31,129,0.0,984.0,320.0
2025-04-09 09:00:00,32.7,33,2.44,136,0.0,984.6,495.0
2025-04-09 10:00:00,35.2,28,2.47,144,0.0,984.4,780.0
2025-04-09 11:00:00,37.4,23,2.44,157,0.0,983.6,1300.0
2025-04-09 12:00:00,38.9,18,1.76,165,0.0,982.4,2345.0
2025-04-09 13:00:00,39.6,16,1.21,173,0.0,981.0,3115.0
2025-04-09 14:00:00,40.1,15,0.4,277,0.0,979.6,3665.0
2025-04-09 15:00:00,40.2,15,1.3,32,0.0,978.7,4150.0
2025-04-09 16:00:00,39.4,15,1.53,71,0.0,978.1,3960.0
2025-04-09 17:00:00,38.6,15,1.65,360,0.0,978.2,3830.0
2025-04-09 18:00:00,36.9,14,2.04,292,0.0,977.3,285.0
2025-04-09 19:00:00,35.3,16,2.77,354,0.0,978.2,330.0
2025-04-09 20:00:00,33.7,23,1.74,41,0.0,978.7,170.0
2025-04-09 21:00:00,32.5,26,1.63,27,0.0,979.1,110.0
2025-04-09 22:00:00,31.2,31,1.19,62,0.0,979.2,60.0
2025-04-09 23:00:00,30.5,30,3.08,122,0.0,979.3,135.0
2025-04-10 00:00:00,28.7,36,1.38,109,0.0,978.8,60.0
2025-04-10 01:00:00,28.0,39,1.17,70,0.0,978.3,45.0
2025-04-10 02:00:00,27.7,41,0.49,135,0.0,977.8,25.0
2025-04-10 03:00:00,26.4,43,1.06,199,0.0,977.3,30.0
2025-04-10 04:00:00,25.7,47,0.67,222,0.0,977.2,20.0
2025-04-10 05:00:00,25.4,47,0.32,51,0.0,977.3,10.0
2025-04-10 06:00:00,26.4,48,2.94,80,0.0,978.3,140.0
2025-04-10 07:00:00,26.9,48,2.06,116,0.0,978.5,110.0
2025-04-10 08:00:00,28.5,44,2.15,126,0.0,979.0,180.0
2025-04-10 09:00:00,31.7,37,1.42,129,0.0,979.4,255.0
2025-04-10 10:00:00,34.9,28,1.45,153,0.0,979.4,690.0
2025-04-10 11:00:00,37.2,21,1.32,205,0.0,978.8,1515.0
2025-04-10 12:00:00,38.6,18,1.6,256,0.0,977.7,2980.0
2025-04-10 13:00:00,36.2,20,3.05,269,0.0,977.1,1095.0
2025-04-10 14:00:00,37.3,17,3.83,294,0.0,975.7,2505.0
2025-04-10 15:00:00,37.0,17,1.79,333,0.0,974.8,2630.0
2025-04-10 16:00:00,28.6,53,8.57,321,0.6,977.0,770.0
2025-04-10 17:00:00,29.3,45,1.87,74,0.0,975.5,145.0
2025-04-10 18:00:00,32.7,29,1.71,275,0.0,974.5,310.0
2025-04-10 19:00:00,31.9,28,1.76,325,0.0,975.1,165.0
2025-04-10 20:00:00,31.3,29,2.14,53,0.0,974.8,60.0
2025-04-10 21:00:00,30.7,28,1.89,122,0.0,974.5,65.0
2025-04-10 22:00:00,29.3,33,3.72,85,0.0,975.2,230.0
2025-04-10 23:00:00,27.8,45,3.34,109,0.0,975.6,315.0
2025-04-11 00:00:00,27.0,51,3.26,131,0.0,975.3,295.0
2025-04-11 01:00:00,26.2,54,2.93,127,0.0,974.9,265.0
2025-04-11 02:00:00,25.6,57,2.69,112,0.0,974.7,215.0
2025-04-11 03:00:00,25.0,60,3.23,98,0.0,974.7,265.0
2025-04-11 04:00:00,24.6,64,3.75,111,0.0,975.0,335.0
2025-04-11 05:00:00,24.3,67,3.7,113,0.0,975.3,310.0
2025-04-11 06:00:00,22.9,76,3.68,132,0.0,976.9,425.0
2025-04-11 07:00:00,23.7,73,3.83,114,0.0,977.5,440.0
2025-04-11 08:00:00,25.2,66,4.11,117,0.0,977.9,500.0
2025-04-11 09:00:00,27.2,58,3.62,96,0.0,978.7,715.0
2025-04-11 10:00:00,29.0,51,3.75,99,0.0,978.9,885.0
2025-04-11 11:00:00,31.0,44,3.94,108,0.0,978.2,970.0
2025-04-11 12:00:00,32.9,38,3.96,111,0.0,977.1,1080.0
2025-04-11 13:00:00,34.2,34,3.32,106,0.0,975.8,1320.0
2025-04-11 14:00:00,27.9,47,2.03,164,2.1,977.1,490.0
2025-04-11 15:00:00,27.4,49,2.37,72,0.0,974.5,200.0
2025-04-11 16:00:00,28.3,49,3.37,69,0.0,975.0,330.0
2025-04-11 17:00:00,27.8,52,2.34,70,0.0,974.7,230.0
2025-04-11 18:00:00,23.7,70,8.19,322,4.0,977.0,555.0
2025-04-11 19:00:00,22.4,83,1.42,42,5.2,978.0,105.0
2025-04-11 20:00:00,22.0,92,2.97,42,1.5,978.4,155.0
2025-04-11 21:00:00,22.0,87,3.32,108,0.3,978.0,135.0
2025-04-11 22:00:00,22.2,82,2.51,73,0.0,977.6,110.0
2025-04-11 23:00:00,22.3,78,2.73,131,0.0,976.8,95.0
2025-04-12 00:00:00,22.6,72,3.01,148,0.0,976.4,110.0
2025-04-12 01:00:00,22.2,74,2.02,136,0.0,976.5,100.0
2025-04-12 02:00:00,21.0,82,1.5,111,0.0,977.4,145.0
2025-04-12 03:00:00,20.6,84,1.35,88,0.0,977.6,105.0
2025-04-12 04:00:00,20.3,85,1.9,72,0.0,977.8,120.0
2025-04-12 05:00:00,20.2,86,1.93,80,0.0,978.2,115.0
2025-04-12 06:00:00,20.9,77,2.28,119,0.0,979.5,240.0
2025-04-12 07:00:00,22.2,71,1.59,139,0.0,980.2,250.0
2025-04-12 08:00:00,24.5,62,1.08,158,0.0,981.5,300.0
2025-04-12 09:00:00,27.3,51,0.93,106,0.0,982.0,400.0
2025-04-12 10:00:00,29.9,41,1.07,101,0.0,982.2,700.0
2025-04-12 11:00:00,31.8,33,1.37,80,0.0,981.8,1265.0
2025-04-12 12:00:00,33.1,28,1.38,71,0.0,980.9,1805.0
2025-04-12 13:00:00,34.0,25,1.23,58,0.0,980.0,2440.0
2025-04-12 14:00:00,35.4,24,0.36,34,0.0,978.7,3245.0
2025-04-12 15:00:00,31.6,32,1.9,270,0.4,978.6,850.0
2025-04-12 16:00:00,27.0,58,0.92,158,4.0,979.5,365.0
2025-04-12 17:00:00,27.3,55,0.83,57,0.6,978.8,105.0
2025-04-12 18:00:00,25.4,49,2.01,109,0.0,979.6,100.0
2025-04-12 19:00:00,25.3,51,1.26,353,0.0,979.4,40.0
2025-04-12 20:00:00,25.9,51,2.12,47,0.0,980.0,85.0
2025-04-12 21:00:00,25.8,49,1.98,56,0.0,980.6,120.0
2025-04-12 22:00:00,25.4,49,2.16,40,0.0,980.5,120.0
2025-04-12 23:00:00,24.9,50,2.67,30,0.0,980.4,175.0
2025-04-13 00:00:00,24.0,53,2.09,48,0.0,980.2,155.0
2025-04-13 01:00:00,23.2,57,1.8,77,0.0,979.7,105.0
2025-04-13 02:00:00,22.5,60,1.5,90,0.0,979.5,75.0
2025-04-13 03:00:00,22.1,62,1.6,92,0.0,979.8,70.0
2025-04-13 04:00:00,21.5,65,1.38,77,0.0,980.4,65.0
2025-04-13 05:00:00,21.0,70,1.12,100,0.0,980.8,50.0
2025-04-13 06:00:00,22.4,71,0.25,79,0.0,981.2,15.0
2025-04-13 07:00:00,24.2,61,0.76,157,0.0,982.4,25.0
2025-04-13 08:00:00,27.5,47,0.74,152,0.0,983.4,180.0
2025-04-13 09:00:00,30.0,38,1.46,142,0.0,984.2,550.0
2025-04-13 10:00:00,31.8,31,1.77,130,0.0,984.4,1085.0
2025-04-13 11:00:00,33.1,27,1.44,104,0.0,984.0,2160.0
2025-04-13 12:00:00,33.9,24,1.39,69,0.0,983.1,2515.0
2025-04-13 13:00:00,34.3,23,1.36,54,0.0,982.4,2640.0
2025-04-13 14:00:00,34.6,22,1.24,40,0.0,981.4,2645.0
2025-04-13 15:00:00,34.7,21,0.89,38,0.0,980.5,2675.0
2025-04-13 16:00:00,34.8,21,0.57,38,0.0,980.1,2870.0
2025-04-13 17:00:00,34.9,20,0.36,344,0.0,979.8,3075.0
2025-04-13 18:00:00,32.2,33,0.81,43,0.0,979.6,50.0
2025-04-13 19:00:00,30.6,41,0.86,350,0.0,979.9,30.0
2025-04-13 20:00:00,29.5,38,1.25,360,0.0,981.0,65.0
2025-04-13 21:00:00,28.7,39,1.53,52,0.0,981.5,135.0
2025-04-13 22:00:00,27.6,41,1.8,103,0.0,981.3,95.0
2025-04-13 23:00:00,26.3,45,2.13,156,0.0,981.1,65.0
2025-04-14 00:00:00,25.9,46,1.9,145,0.0,980.8,65.0
2025-04-14 01:00:00,25.4,47,2.05,135,0.0,980.3,60.0
2025-04-14 02:00:00,24.6,49,1.77,155,0.0,980.1,55.0
2025-04-14 03:00:00,24.2,50,1.67,141,0.0,979.9,50.0
2025-04-14 04:00:00,23.6,52,1.89,122,0.0,980.0,55.0
2025-04-14 05:00:00,22.9,55,1.7,140,0.0,980.4,50.0
2025-04-14 06:00:00,22.9,60,2.37,138,0.0,981.6,85.0
2025-04-14 07:00:00,24.2,57,1.87,136,0.0,982.8,120.0
2025-04-14 08:00:00,26.6,50,1.77,115,0.0,983.6,245.0
2025-04-14 09:00:00,28.6,45,2.14,106,0.0,984.3,380.0
2025-04-14 10:00:00,30.6,40,2.17,105,0.0,984.3,565.0
2025-04-14 11:00:00,32.4,34,2.21,108,0.0,983.8,1230.0
2025-04-14 12:00:00,33.5,29,2.1,108,0.0,983.2,1845.0
2025-04-14 13:00:00,34.3,26,1.63,113,0.0,982.4,2205.0
2025-04-14 14:00:00,34.8,24,1.27,138,0.0,981.2,2320.0
2025-04-14 15:00:00,34.9,23,1.64,168,0.0,980.5,2400.0
2025-04-14 16:00:00,34.8,23,2.1,183,0.0,979.9,2590.0
2025-04-14 17:00:00,34.4,23,1.86,175,0.0,979.7,2620.0
2025-04-14 18:00:00,33.0,30,2.36,96,0.0,980.2,190.0
2025-04-14 19:00:00,31.6,34,2.75,88,0.0,980.7,240.0
2025-04-14 20:00:00,30.3,38,2.73,76,0.0,981.5,310.0
2025-04-14 21:00:00,29.0,42,3.05,88,0.0,982.2,305.0
2025-04-14 22:00:00,28.1,44,3.1,100,0.0,982.1,240.0
2025-04-14 23:00:00,27.1,47,2.96,120,0.0,981.7,210.0
2025-04-15 00:00:00,26.4,47,3.16,125,0.0,981.5,215.0
2025-04-15 01:00:00,25.9,47,3.1,128,0.0,981.1,235.0
2025-04-15 02:00:00,25.3,47,2.99,128,0.0,981.0,220.0
2025-04-15 03:00:00,24.7,49,2.82,147,0.0,981.0,205.0
2025-04-15 04:00:00,24.2,51,2.74,149,0.0,981.3,170.0
2025-04-15 05:00:00,23.8,52,2.69,151,0.0,981.8,155.0
2025-04-15 06:00:00,24.4,55,1.93,121,0.0,982.7,60.0
2025-04-15 07:00:00,26.0,52,2.13,129,0.0,983.4,130.0
2025-04-15 08:00:00,28.4,46,2.21,128,0.0,984.2,275.0
2025-04-15 09:00:00,30.7,41,2.5,127,0.0,984.6,605.0
2025-04-15 10:00:00,32.7,35,2.84,129,0.0,984.7,1265.0
2025-04-15 11:00:00,34.2,30,2.66,124,0.0,984.0,1760.0
2025-04-15 12:00:00,35.0,27,2.21,115,0.0,983.5,2310.0
2025-04-15 13:00:00,35.4,26,1.66,115,0.0,982.6,2470.0
2025-04-15 14:00:00,35.8,25,1.22,109,0.0,981.5,2555.0
2025-04-15 15:00:00,35.8,25,0.71,98,0.0,980.7,2560.0
2025-04-15 16:00:00,35.2,26,0.81,101,0.0,980.2,2430.0
2025-04-15 17:00:00,34.7,26,1.12,148,0.0,980.0,1885.0
2025-04-15 18:00:00,32.6,33,1.78,170,0.0,979.9,100.0
2025-04-15 19:00:00,31.1,37,1.91,123,0.0,980.0,65.0
2025-04-15 20:00:00,30.3,40,2.51,95,0.0,981.0,165.0
2025-04-15 21:00:00,29.5,43,1.51,84,0.0,981.5,105.0
2025-04-15 22:00:00,28.8,41,1.85,71,0.0,981.6,115.0
2025-04-15 23:00:00,27.9,43,1.98,100,0.0,981.3,120.0
2025-04-16 00:00:00,27.2,46,2.21,115,0.0,981.0,130.0
2025-04-16 01:00:00,26.6,48,2.05,124,0.0,980.6,120.0
2025-04-16 02:00:00,26.1,49,2.23,136,0.0,980.1,115.0
2025-04-16 03:00:00,25.7,50,2.44,137,0.0,980.0,130.0
2025-04-16 04:00:00,25.4,51,2.48,140,0.0,979.9,135.0
2025-04-16 05:00:00,25.1,51,2.52,141,0.0,980.4,145.0
2025-04-16 06:00:00,25.9,53,2.33,155,0.0,981.7,125.0
2025-04-16 07:00:00,27.2,50,2.06,151,0.0,982.2,180.0
2025-04-16 08:00:00,29.7,43,1.88,151,0.0,983.0,335.0
2025-04-16 09:00:00,32.1,37,2.28,151,0.0,983.4,715.0
2025-04-16 10:00:00,34.1,30,2.75,155,0.0,983.3,1385.0
2025-04-16 11:00:00,35.5,26,2.17,154,0.0,982.6,1990.0
2025-04-16 12:00:00,36.5,25,1.28,141,0.0,981.9,2555.0
2025-04-16 13:00:00,37.0,24,0.53,131,0.0,980.8,2800.0
2025-04-16 14:00:00,36.9,23,0.71,141,0.0,979.6,2675.0
2025-04-16 15:00:00,37.2,22,1.31,130,0.0,978.6,2850.0
2025-04-16 16:00:00,37.3,21,1.92,129,0.0,978.0,3100.0
2025-04-16 17:00:00,37.1,20,0.96,129,0.0,977.7,3170.0
2025-04-16 18:00:00,35.5,25,2.98,139,0.0,977.6,390.0
2025-04-16 19:00:00,33.7,27,3.09,99,0.0,978.0,335.0
2025-04-16 20:00:00,32.9,29,2.63,69,0.0,978.8,245.0
2025-04-16 21:00:00,31.7,33,2.45,90,0.0,979.5,200.0
2025-04-16 22:00:00,30.3,37,2.04,112,0.0,979.8,135.0
2025-04-16 23:00:00,29.5,39,1.96,122,0.0,979.6,115.0
2025-04-17 00:00:00,28.6,41,1.88,138,0.0,979.2,105.0
2025-04-17 01:00:00,27.7,43,2.04,149,0.0,978.7,105.0
2025-04-17 02:00:00,27.1,43,2.06,139,0.0,977.9,105.0
2025-04-17 03:00:00,26.7,43,2.41,140,0.0,977.6,130.0
2025-04-17 04:00:00,26.2,43,1.91,137,0.0,978.0,100.0
2025-04-17 05:00:00,25.7,45,2.02,132,0.0,978.2,85.0
2025-04-17 06:00:00,25.8,56,2.31,72,0.0,980.1,155.0
2025-04-17 07:00:00,26.7,54,2.0,112,0.0,980.0,160.0
2025-04-17 08:00:00,29.1,48,2.38,129,0.0,980.4,240.0
2025-04-17 09:00:00,32.4,37,2.51,145,0.0,980.2,375.0
2025-04-17 10:00:00,35.2,29,2.91,176,0.0,980.0,970.0
2025-04-17 11:00:00,37.3,23,2.75,199,0.0,979.5,1545.0
2025-04-17 12:00:00,38.6,20,2.42,232,0.0,978.8,2085.0
2025-04-17 13:00:00,39.6,18,2.43,261,0.0,977.6,3040.0
2025-04-17 14:00:00,40.1,16,2.94,288,0.0,976.5,3290.0
2025-04-17 15:00:00,40.0,15,3.43,307,0.0,975.6,3175.0
2025-04-17 16:00:00,39.8,15,3.88,330,0.0,975.3,3590.0
2025-04-17 17:00:00,38.1,17,4.14,330,0.0,975.0,1645.0
2025-04-17 18:00:00,37.1,21,2.72,354,0.0,975.1,720.0
2025-04-17 19:00:00,35.0,27,1.6,51,0.0,975.1,225.0
2025-04-17 20:00:00,33.3,32,1.87,74,0.0,975.7,130.0
2025-04-17 21:00:00,31.9,38,1.42,80,0.0,976.4,120.0
2025-04-17 22:00:00,30.8,41,1.71,69,0.0,976.8,130.0
2025-04-17 23:00:00,29.7,44,1.72,107,0.0,976.7,115.0
2025-04-18 00:00:00,28.4,48,2.0,112,0.0,976.8,140.0
2025-04-18 01:00:00,27.3,51,1.41,117,0.0,976.2,90.0
2025-04-18 02:00:00,26.7,53,1.95,132,0.0,975.8,90.0
2025-04-18 03:00:00,26.2,54,2.39,127,0.0,975.7,125.0
2025-04-18 04:00:00,25.5,58,2.26,135,0.0,975.8,135.0
2025-04-18 05:00:00,25.0,60,2.33,137,0.0,976.1,130.0
2025-04-18 06:00:00,25.9,65,2.32,104,0.0,977.3,125.0
2025-04-18 07:00:00,27.0,63,2.21,103,0.0,978.1,195.0
2025-04-18 08:00:00,29.0,57,2.42,108,0.0,978.5,280.0
2025-04-18 09:00:00,31.6,50,2.2,120,0.0,979.2,415.0
2025-04-18 10:00:00,34.0,42,1.91,135,0.0,979.1,640.0
2025-04-18 11:00:00,36.2,34,1.49,132,0.0,978.6,1065.0
2025-04-18 12:00:00,37.8,28,1.03,119,0.0,977.8,1495.0
2025-04-18 13:00:00,38.8,25,0.87,103,0.0,976.9,1685.0
2025-04-18 14:00:00,39.4,23,1.01,123,0.0,975.6,1960.0
2025-04-18 15:00:00,39.9,21,1.92,155,0.0,974.3,2405.0
2025-04-18 16:00:00,40.0,19,1.95,179,0.0,973.7,2845.0
2025-04-18 17:00:00,39.8,18,1.01,189,0.0,973.5,2710.0
2025-04-18 18:00:00,37.7,18,3.59,32,0.0,974.2,435.0
2025-04-18 19:00:00,33.7,37,5.06,45,0.0,975.2,675.0
2025-04-18 20:00:00,32.8,40,4.43,79,0.0,974.6,465.0
2025-04-18 21:00:00,32.2,40,3.22,57,0.0,975.8,375.0
2025-04-18 22:00:00,31.9,41,3.69,74,0.0,976.1,370.0
2025-04-18 23:00:00,30.4,46,3.12,102,0.0,976.2,310.0
2025-04-19 00:00:00,29.7,48,3.14,112,0.0,976.2,360.0
2025-04-19 01:00:00,28.9,50,2.45,91,0.0,976.0,270.0
2025-04-19 02:00:00,28.2,52,2.8,112,0.0,975.8,265.0
2025-04-19 03:00:00,27.9,54,3.16,131,0.0,975.6,275.0
2025-04-19 04:00:00,27.5,57,3.48,140,0.0,975.8,320.0
2025-04-19 05:00:00,27.2,60,3.48,140,0.0,976.4,395.0
2025-04-19 06:00:00,26.7,68,3.92,161,0.0,977.8,360.0
2025-04-19 07:00:00,27.8,65,3.29,152,0.0,978.8,415.0
2025-04-19 08:00:00,29.7,59,3.4,144,0.0,979.4,510.0
2025-04-19 09:00:00,31.9,52,3.48,140,0.0,979.9,700.0
2025-04-19 10:00:00,34.0,44,3.93,139,0.0,979.7,955.0
2025-04-19 11:00:00,35.9,36,3.46,135,0.0,979.0,1380.0
2025-04-19 12:00:00,37.5,27,3.22,136,0.0,978.1,1995.0
2025-04-19 13:00:00,38.6,21,2.85,142,0.0,977.0,2805.0
2025-04-19 14:00:00,39.1,17,2.88,154,0.0,975.6,2985.0
2025-04-19 15:00:00,39.4,17,2.41,174,0.0,974.9,3725.0
2025-04-19 16:00:00,39.4,15,2.72,187,0.0,974.1,3925.0
2025-04-19 17:00:00,39.2,15,1.77,164,0.0,973.5,4025.0
2025-04-19 18:00:00,32.7,39,5.47,72,0.0,974.8,655.0
2025-04-19 19:00:00,32.1,39,4.85,90,0.0,975.5,590.0
2025-04-19 20:00:00,30.8,41,4.75,110,0.0,976.0,620.0
2025-04-19 21:00:00,30.2,46,4.29,118,0.0,976.6,575.0
2025-04-19 22:00:00,29.3,50,3.97,107,0.0,976.7,505.0
2025-04-19 23:00:00,28.8,53,4.05,123,0.0,976.7,495.0
2025-04-20 00:00:00,28.4,54,3.8,130,0.0,976.5,470.0
2025-04-20 01:00:00,27.9,55,3.54,134,0.0,976.3,430.0
2025-04-20 02:00:00,27.5,57,3.45,146,0.0,975.9,405.0
2025-04-20 03:00:00,27.3,58,3.72,151,0.0,975.9,410.0
2025-04-20 04:00:00,26.9,61,3.62,145,0.0,975.9,410.0
2025-04-20 05:00:00,26.5,63,3.61,146,0.0,976.2,405.0
2025-04-20 06:00:00,26.8,67,2.94,148,0.0,977.1,300.0
2025-04-20 07:00:00,27.9,64,2.8,145,0.0,977.6,275.0
2025-04-20 08:00:00,30.0,56,2.46,156,0.0,978.1,305.0
2025-04-20 09:00:00,32.7,45,2.08,156,0.0,978.7,435.0
2025-04-20 10:00:00,35.5,34,1.95,132,0.0,978.9,765.0
2025-04-20 11:00:00,37.3,27,2.04,115,0.0,978.8,2620.0
2025-04-20 12:00:00,38.7,19,1.52,117,0.0,978.0,3275.0
2025-04-20 13:00:00,39.3,17,1.5,105,0.0,977.2,3530.0
2025-04-20 14:00:00,40.0,15,1.0,108,0.0,976.2,3890.0
2025-04-20 15:00:00,40.1,14,0.15,90,0.0,975.5,3960.0
2025-04-20 16:00:00,37.7,21,3.64,32,0.0,975.6,1400.0
2025-04-20 17:00:00,34.8,29,5.31,57,0.0,976.0,730.0
2025-04-20 18:00:00,37.6,16,1.87,160,0.0,975.7,465.0
2025-04-20 19:00:00,34.8,20,1.27,135,0.0,976.2,95.0
2025-04-20 20:00:00,33.4,23,2.37,83,0.0,977.2,160.0
2025-04-20 21:00:00,32.1,31,2.51,85,0.0,977.8,330.0
2025-04-20 22:00:00,31.1,36,1.97,81,0.0,978.2,245.0
2025-04-20 23:00:00,29.9,41,1.27,116,0.0,978.3,170.0
2025-04-21 00:00:00,29.1,44,1.03,51,0.0,978.2,65.0
2025-04-21 01:00:00,28.4,46,1.17,70,0.0,978.0,75.0
2025-04-21 02:00:00,28.1,45,1.82,58,0.0,977.8,100.0
2025-04-21 03:00:00,27.1,49,1.45,86,0.0,977.6,80.0
2025-04-21 04:00:00,26.4,52,1.47,80,0.0,977.8,75.0
2025-04-21 05:00:00,25.4,59,0.98,114,0.0,978.1,55.0
2025-04-21 06:00:00,28.3,56,0.93,254,0.0,979.0,50.0
2025-04-21 07:00:00,29.6,43,1.93,260,0.0,980.1,165.0
2025-04-21 08:00:00,31.6,30,2.2,291,0.0,980.9,345.0
2025-04-21 09:00:00,33.7,26,1.66,277,0.0,981.3,425.0
2025-04-21 10:00:00,36.2,19,1.69,258,0.0,981.3,770.0
2025-04-21 11:00:00,38.0,13,1.98,254,0.0,981.2,2150.0
2025-04-21 12:00:00,39.2,11,2.37,245,0.0,980.9,3235.0
2025-04-21 13:00:00,39.9,8,2.76,238,0.0,980.4,3285.0
2025-04-21 14:00:00,40.0,7,3.02,236,0.0,979.7,3280.0
2025-04-21 15:00:00,39.8,6,2.78,232,0.0,979.0,3260.0
2025-04-21 16:00:00,39.4,6,2.06,244,0.0,978.9,3305.0
2025-04-21 17:00:00,39.1,6,2.4,269,0.0,978.8,3425.0
2025-04-21 18:00:00,37.0,7,1.99,288,0.0,979.5,280.0
2025-04-21 19:00:00,34.4,7,1.92,279,0.0,980.0,205.0
2025-04-21 20:00:00,33.1,7,2.65,268,0.0,980.9,225.0
2025-04-21 21:00:00,31.5,8,2.9,267,0.0,981.5,185.0
2025-04-21 22:00:00,30.9,8,3.1,285,0.0,981.7,225.0
2025-04-21 23:00:00,29.9,9,2.53,297,0.0,981.4,155.0
2025-04-22 00:00:00,28.9,9,2.44,285,0.0,980.8,120.0
2025-04-22 01:00:00,28.0,10,2.82,276,0.0,980.4,115.0
2025-04-22 02:00:00,26.7,11,2.92,276,0.0,980.0,110.0
2025-04-22 03:00:00,25.8,13,2.8,280,0.0,980.2,110.0
2025-04-22 04:00:00,24.8,14,2.42,294,0.0,980.4,100.0
2025-04-22 05:00:00,24.0,15,2.9,269,0.0,980.4,90.0
2025-04-22 06:00:00,25.0,19,2.8,268,0.0,981.2,75.0
2025-04-22 07:00:00,26.6,18,3.05,269,0.0,981.8,110.0
2025-04-22 08:00:00,29.8,16,2.51,265,0.0,982.7,170.0
2025-04-22 09:00:00,33.3,13,2.7,269,0.0,983.4,290.0
2025-04-22 10:00:00,36.0,11,2.95,271,0.0,983.6,1390.0
2025-04-22 11:00:00,37.8,6,3.46,275,0.0,983.2,2225.0
2025-04-22 12:00:00,38.5,6,3.48,277,0.0,982.6,2330.0
2025-04-22 13:00:00,38.8,6,3.27,281,0.0,981.7,2450.0
2025-04-22 14:00:00,39.0,6,3.11,281,0.0,980.9,2485.0
2025-04-22 15:00:00,38.7,7,3.4,284,0.0,980.2,2480.0
2025-04-22 16:00:00,38.2,8,3.55,284,0.0,979.8,2450.0
2025-04-22 17:00:00,37.3,8,3.35,287,0.0,979.6,2420.0
2025-04-22 18:00:00,35.5,9,2.1,273,0.0,980.0,195.0
2025-04-22 19:00:00,33.0,10,1.52,316,0.0,980.3,75.0
2025-04-22 20:00:00,32.3,10,1.7,315,0.0,980.6,85.0
2025-04-22 21:00:00,32.2,10,3.14,292,0.0,981.2,175.0
2025-04-22 22:00:00,30.3,11,2.93,278,0.0,981.1,170.0
2025-04-22 23:00:00,28.7,11,2.85,285,0.0,981.1,140.0
2025-04-23 00:00:00,27.9,10,2.8,280,0.0,980.3,110.0
2025-04-23 01:00:00,26.9,11,2.75,297,0.0,979.9,115.0
2025-04-23 02:00:00,25.7,12,2.76,275,0.0,979.3,95.0
2025-04-23 03:00:00,24.9,14,2.53,279,0.0,978.9,80.0
2025-04-23 04:00:00,24.2,15,2.47,284,0.0,978.9,75.0
2025-04-23 05:00:00,23.7,16,2.26,276,0.0,979.0,65.0
2025-04-23 06:00:00,24.6,21,1.87,286,0.0,979.8,40.0
2025-04-23 07:00:00,26.6,21,2.4,272,0.0,980.3,65.0
2025-04-23 08:00:00,29.7,19,2.25,271,0.0,981.0,150.0
2025-04-23 09:00:00,32.6,16,2.46,275,0.0,981.7,270.0
2025-04-23 10:00:00,35.4,15,2.53,279,0.0,981.7,1205.0
2025-04-23 11:00:00,37.3,9,3.32,288,0.0,981.1,2390.0
2025-04-23 12:00:00,38.2,7,3.82,292,0.0,980.2,2585.0
2025-04-23 13:00:00,38.7,7,4.01,293,0.0,979.1,2600.0
2025-04-23 14:00:00,38.8,7,3.91,295,0.0,978.0,2585.0
2025-04-23 15:00:00,38.7,7,3.81,293,0.0,977.2,2555.0
2025-04-23 16:00:00,38.3,7,3.59,289,0.0,976.7,2540.0
2025-04-23 17:00:00,37.3,7,3.37,288,0.0,976.5,2425.0
2025-04-23 18:00:00,35.5,9,2.01,297,0.0,976.9,230.0
2025-04-23 19:00:00,33.4,10,1.7,315,0.0,976.9,120.0
2025-04-23 20:00:00,32.6,11,1.84,299,0.0,977.3,115.0
2025-04-23 21:00:00,32.2,11,2.51,293,0.0,977.9,130.0
2025-04-23 22:00:00,31.0,12,2.8,273,0.0,977.8,120.0
2025-04-23 23:00:00,29.1,13,2.38,278,0.0,977.2,80.0
2025-04-24 00:00:00,28.3,13,2.26,288,0.0,976.9,75.0
2025-04-24 01:00:00,27.1,13,1.7,310,0.0,976.1,60.0
2025-04-24 02:00:00,26.6,13,1.94,325,0.0,975.7,80.0
2025-04-24 03:00:00,26.0,14,1.76,285,0.0,975.2,50.0
2025-04-24 04:00:00,25.1,14,2.8,260,0.0,975.3,70.0
2025-04-24 05:00:00,24.0,15,2.45,271,0.0,975.5,60.0
2025-04-24 06:00:00,25.0,18,2.51,275,0.0,976.4,60.0
2025-04-24 07:00:00,26.8,17,2.65,272,0.0,977.2,90.0
2025-04-24 08:00:00,29.9,15,1.97,279,0.0,978.1,155.0
2025-04-24 09:00:00,32.8,11,2.16,277,0.0,978.9,255.0
2025-04-24 10:00:00,36.0,9,1.81,275,0.0,979.2,495.0
2025-04-24 11:00:00,38.1,7,1.88,281,0.0,978.9,2005.0
2025-04-24 12:00:00,39.2,6,2.06,284,0.0,978.1,3570.0
2025-04-24 13:00:00,39.9,5,3.21,281,0.0,977.2,4160.0
2025-04-24 14:00:00,39.8,5,4.4,278,0.0,976.6,4025.0
2025-04-24 15:00:00,39.6,6,3.94,290,0.0,975.8,3960.0
2025-04-24 16:00:00,39.4,6,3.03,322,0.0,975.3,4090.0
2025-04-24 17:00:00,38.5,6,3.6,358,0.0,974.7,3405.0
2025-04-24 18:00:00,36.4,7,1.61,344,0.0,975.3,355.0
2025-04-24 19:00:00,34.5,11,0.21,194,0.0,975.6,15.0
2025-04-24 20:00:00,31.8,14,0.39,220,0.0,976.3,15.0
2025-04-24 21:00:00,30.5,14,1.27,244,0.0,976.9,30.0
2025-04-24 22:00:00,30.1,16,0.25,127,0.0,976.9,10.0
2025-04-24 23:00:00,28.9,16,3.51,160,0.0,977.1,95.0
2025-04-25 00:00:00,28.3,17,1.71,185,0.0,976.6,50.0
2025-04-25 01:00:00,28.4,14,2.47,187,0.0,976.1,70.0
2025-04-25 02:00:00,27.0,19,0.82,194,0.0,976.0,70.0
2025-04-25 03:00:00,26.0,18,1.6,358,0.0,976.5,65.0
2025-04-25 04:00:00,24.9,22,1.13,135,0.0,975.9,30.0
2025-04-25 05:00:00,24.5,24,1.64,149,0.0,976.3,40.0
2025-04-25 06:00:00,26.3,26,2.04,169,0.0,977.0,45.0
2025-04-25 07:00:00,28.5,23,2.47,225,0.0,978.3,75.0
2025-04-25 08:00:00,31.0,19,1.79,234,0.0,979.2,160.0
2025-04-25 09:00:00,34.6,14,1.45,268,0.0,980.0,245.0
2025-04-25 10:00:00,37.1,11,1.98,317,0.0,980.5,580.0
2025-04-25 11:00:00,39.2,8,1.77,317,0.0,980.2,2155.0
2025-04-25 12:00:00,40.6,5,2.01,341,0.0,979.3,4855.0
2025-04-25 13:00:00,41.4,5,2.64,331,0.0,978.3,5080.0
2025-04-25 14:00:00,41.4,5,3.62,321,0.0,977.5,5220.0
2025-04-25 15:00:00,40.8,6,4.48,305,0.0,976.8,5220.0
2025-04-25 16:00:00,39.6,6,3.53,308,0.0,976.6,3895.0
2025-04-25 17:00:00,39.2,6,3.22,303,0.0,976.3,2990.0
2025-04-25 18:00:00,37.2,7,1.41,354,0.0,976.2,235.0
2025-04-25 19:00:00,35.6,9,2.21,33,0.0,976.8,210.0
2025-04-25 20:00:00,32.9,15,1.35,59,0.0,977.3,125.0
2025-04-25 21:00:00,31.6,18,0.65,58,0.0,977.4,40.0
2025-04-25 22:00:00,31.2,22,0.3,81,0.0,977.2,15.0
2025-04-25 23:00:00,29.8,18,1.7,43,0.0,977.3,55.0
2025-04-26 00:00:00,30.9,14,2.69,35,0.0,976.8,85.0
2025-04-26 01:00:00,31.3,12,3.02,24,0.0,976.3,140.0
2025-04-26 02:00:00,30.3,12,2.44,28,0.0,976.1,125.0
2025-04-26 03:00:00,28.1,17,0.51,241,0.0,976.0,25.0
2025-04-26 04:00:00,26.6,17,1.69,251,0.0,976.3,45.0
2025-04-26 05:00:00,25.1,22,1.3,247,0.0,976.4,30.0
2025-04-26 06:00:00,25.6,30,1.1,231,0.0,977.0,20.0
2025-04-26 07:00:00,28.1,27,1.58,215,0.0,977.8,20.0
2025-04-26 08:00:00,32.9,21,1.41,188,0.0,978.6,95.0
2025-04-26 09:00:00,36.7,13,1.49,166,0.0,979.5,480.0
2025-04-26 10:00:00,38.9,8,1.53,142,0.0,979.5,2205.0
2025-04-26 11:00:00,40.1,7,1.83,154,0.0,979.1,4700.0
2025-04-26 12:00:00,40.5,8,3.32,192,0.0,978.7,4810.0
2025-04-26 13:00:00,40.4,8,4.12,204,0.0,978.1,4870.0
2025-04-26 14:00:00,38.7,10,3.88,235,0.0,977.4,3590.0
2025-04-26 15:00:00,39.9,8,2.26,265,0.0,976.6,4310.0
2025-04-26 16:00:00,39.7,8,1.88,299,0.0,976.2,4580.0
2025-04-26 17:00:00,38.6,9,2.6,308,0.0,976.1,1185.0
2025-04-26 18:00:00,36.5,10,4.18,263,0.0,976.8,610.0
2025-04-26 19:00:00,35.1,11,3.46,273,0.0,977.3,225.0
2025-04-26 20:00:00,33.8,12,2.5,267,0.0,977.7,125.0
2025-04-26 21:00:00,32.0,16,1.5,244,0.0,978.5,90.0
2025-04-26 22:00:00,30.9,18,1.63,220,0.0,978.8,125.0
2025-04-26 23:00:00,30.2,19,1.6,266,0.0,979.1,115.0
2025-04-27 00:00:00,30.4,19,2.09,259,0.0,978.5,105.0
2025-04-27 01:00:00,29.7,20,2.02,240,0.0,977.7,75.0
2025-04-27 02:00:00,28.7,21,1.88,331,0.0,977.7,60.0
2025-04-27 03:00:00,28.2,21,1.86,354,0.0,977.6,100.0
2025-04-27 04:00:00,27.7,21,1.65,358,0.0,977.6,120.0
2025-04-27 05:00:00,27.1,22,1.62,22,0.0,977.7,95.0
2025-04-27 06:00:00,28.7,28,1.74,131,0.0,978.7,70.0
2025-04-27 07:00:00,29.7,28,1.71,187,0.0,979.4,65.0
2025-04-27 08:00:00,32.5,24,1.42,212,0.0,980.2,185.0
2025-04-27 09:00:00,35.2,15,1.1,275,0.0,980.8,555.0
2025-04-27 10:00:00,36.9,12,0.8,270,0.0,981.0,1085.0
2025-04-27 11:00:00,38.5,11,1.09,286,0.0,980.8,3345.0
2025-04-27 12:00:00,39.5,9,0.85,291,0.0,980.2,4820.0
2025-04-27 13:00:00,40.3,8,0.98,345,0.0,979.4,5120.0
2025-04-27 14:00:00,40.2,7,1.76,345,0.0,978.5,5035.0
2025-04-27 15:00:00,40.1,7,1.94,348,0.0,977.9,4935.0
2025-04-27 16:00:00,39.8,8,1.51,8,0.0,977.3,4935.0
2025-04-27 17:00:00,39.2,7,2.35,27,0.0,977.2,4690.0
2025-04-27 18:00:00,36.8,11,0.82,346,0.0,977.2,85.0
2025-04-27 19:00:00,34.9,12,0.29,31,0.0,977.9,25.0
2025-04-27 20:00:00,33.3,13,1.17,110,0.0,978.5,40.0
2025-04-27 21:00:00,32.6,12,2.41,124,0.0,978.6,110.0
2025-04-27 22:00:00,31.1,14,1.66,151,0.0,978.5,80.0
2025-04-27 23:00:00,30.0,15,1.5,217,0.0,978.7,50.0
2025-04-28 00:00:00,28.8,19,1.3,164,0.0,978.3,45.0
2025-04-28 01:00:00,27.8,20,1.51,172,0.0,977.8,60.0
2025-04-28 02:00:00,27.5,22,0.62,166,0.0,977.5,30.0
2025-04-28 03:00:00,27.1,20,1.75,239,0.0,977.4,45.0
2025-04-28 04:00:00,25.6,26,1.13,193,0.0,977.4,35.0
2025-04-28 05:00:00,25.5,35,0.18,124,0.0,977.4,10.0
2025-04-28 06:00:00,27.2,29,1.74,141,0.0,978.0,65.0
2025-04-28 07:00:00,28.1,30,2.47,108,0.0,978.7,140.0
2025-04-28 08:00:00,30.0,27,2.64,117,0.0,979.2,275.0
2025-04-28 09:00:00,32.9,22,2.52,129,0.0,979.4,450.0
2025-04-28 10:00:00,35.4,19,2.27,130,0.0,979.2,730.0
2025-04-28 11:00:00,37.3,16,1.98,133,0.0,979.0,1085.0
2025-04-28 12:00:00,38.8,14,1.44,146,0.0,978.1,1785.0
2025-04-28 13:00:00,39.7,12,0.92,139,0.0,977.3,4030.0
2025-04-28 14:00:00,40.6,10,0.36,74,0.0,976.0,4290.0
2025-04-28 15:00:00,40.6,10,1.52,9,0.0,975.6,4510.0
2025-04-28 16:00:00,39.8,9,2.67,38,0.0,975.3,4580.0
2025-04-28 17:00:00,37.0,16,4.49,69,0.0,975.1,775.0
2025-04-28 18:00:00,35.4,18,4.98,68,0.0,975.2,510.0
2025-04-28 19:00:00,32.8,24,3.84,58,0.0,976.1,525.0
2025-04-28 20:00:00,31.6,29,2.61,70,0.0,976.9,335.0
2025-04-28 21:00:00,30.5,32,3.0,91,0.0,977.5,340.0
2025-04-28 22:00:00,29.6,34,3.6,92,0.0,978.0,370.0
2025-04-28 23:00:00,28.9,34,3.95,112,0.0,977.9,360.0
2025-04-29 00:00:00,28.2,34,3.4,123,0.0,977.7,315.0
2025-04-29 01:00:00,27.5,35,3.37,130,0.0,977.4,335.0
2025-04-29 02:00:00,26.9,36,3.75,132,0.0,977.1,370.0
2025-04-29 03:00:00,26.2,38,3.95,125,0.0,977.1,390.0
2025-04-29 04:00:00,25.4,41,4.08,121,0.0,977.3,425.0
2025-04-29 05:00:00,24.6,46,3.6,92,0.0,978.1,410.0
2025-04-29 06:00:00,24.8,60,3.49,82,0.0,979.4,445.0
2025-04-29 07:00:00,25.6,60,4.1,89,0.0,980.2,525.0
2025-04-29 08:00:00,27.3,54,4.3,99,0.0,980.7,605.0
2025-04-29 09:00:00,29.5,46,4.39,102,0.0,980.9,730.0
2025-04-29 10:00:00,31.8,39,4.18,105,0.0,980.8,905.0
2025-04-29 11:00:00,33.7,34,3.67,107,0.0,980.2,1160.0
2025-04-29 12:00:00,35.1,30,3.05,108,0.0,979.5,1390.0
2025-04-29 13:00:00,36.1,27,2.44,109,0.0,978.5,1540.0
2025-04-29 14:00:00,36.8,25,1.88,107,0.0,977.5,1780.0
2025-04-29 15:00:00,37.0,23,1.02,101,0.0,976.7,2000.0
2025-04-29 16:00:00,36.5,20,1.65,180,0.0,976.2,1815.0
2025-04-29 17:00:00,36.0,21,1.64,149,0.0,976.1,1945.0
2025-04-29 18:00:00,34.5,24,1.3,92,0.0,977.1,120.0
2025-04-29 19:00:00,33.4,27,2.11,95,0.0,977.7,170.0
2025-04-29 20:00:00,32.1,32,3.17,84,0.0,978.3,345.0
2025-04-29 21:00:00,31.0,34,2.87,84,0.0,978.9,260.0
2025-04-29 22:00:00,30.0,37,2.81,78,0.0,979.4,280.0
2025-04-29 23:00:00,29.0,41,2.66,95,0.0,979.4,260.0
2025-04-30 00:00:00,28.3,44,2.28,109,0.0,979.3,205.0
2025-04-30 01:00:00,27.6,46,2.3,124,0.0,978.7,175.0
2025-04-30 02:00:00,27.1,47,2.64,117,0.0,978.5,200.0
2025-04-30 03:00:00,26.7,49,2.74,128,0.0,978.8,205.0
2025-04-30 04:00:00,26.3,50,2.75,123,0.0,979.0,205.0
2025-04-30 05:00:00,25.7,52,2.83,122,0.0,979.6,235.0
2025-04-30 06:00:00,26.2,57,2.8,112,0.0,980.8,260.0
2025-04-30 07:00:00,27.2,55,3.04,107,0.0,981.4,445.0
2025-04-30 08:00:00,28.8,52,3.13,107,0.0,982.2,555.0
2025-04-30 09:00:00,30.9,46,3.53,115,0.0,982.5,815.0
2025-04-30 10:00:00,32.9,39,3.26,122,0.0,982.4,1330.0
2025-04-30 11:00:00,34.5,33,2.61,122,0.0,982.2,1685.0
2025-04-30 12:00:00,35.3,29,2.08,120,0.0,981.3,1985.0
2025-04-30 13:00:00,36.0,27,1.86,117,0.0,980.2,2130.0
2025-04-30 14:00:00,36.4,25,0.9,124,0.0,979.5,2570.0
2025-04-30 15:00:00,35.9,25,1.23,122,0.0,979.0,2695.0
2025-04-30 16:00:00,35.7,24,1.36,28,0.0,978.3,2450.0
2025-04-30 17:00:00,35.0,26,2.47,352,0.0,978.5,2240.0
2025-04-30 18:00:00,33.9,27,2.67,96,0.0,978.5,445.0
2025-04-30 19:00:00,32.7,28,3.33,82,0.0,978.9,390.0
2025-04-30 20:00:00,31.6,29,2.44,101,0.0,979.4,190.0
2025-04-30 21:00:00,30.8,31,2.47,104,0.0,980.0,185.0
2025-04-30 22:00:00,29.9,34,3.11,95,0.0,980.3,340.0
2025-04-30 23:00:00,28.8,40,3.2,100,0.0,980.5,360.0
2025-05-01 00:00:00,28.1,43,3.28,106,0.0,980.3,380.0
2025-05-01 01:00:00,27.4,45,3.2,117,0.0,980.0,350.0
2025-05-01 02:00:00,26.8,47,3.54,126,0.0,979.8,380.0
2025-05-01 03:00:00,26.3,49,3.37,122,0.0,980.1,390.0
2025-05-01 04:00:00,25.9,51,3.39,127,0.0,980.6,365.0
2025-05-01 05:00:00,25.4,53,3.48,125,0.0,981.2,365.0
2025-05-01 06:00:00,26.9,64,2.52,104,0.0,982.0,300.0
2025-05-01 07:00:00,28.0,60,3.01,101,0.0,982.6,445.0
2025-05-01 08:00:00,29.7,54,3.78,108,0.0,983.0,620.0
2025-05-01 09:00:00,31.7,46,3.76,115,0.0,983.4,960.0
2025-05-01 10:00:00,33.6,37,3.82,122,0.0,983.1,1540.0
2025-05-01 11:00:00,35.2,30,3.09,119,0.0,982.7,2275.0
2025-05-01 12:00:00,35.9,27,2.24,114,0.0,982.0,2450.0
2025-05-01 13:00:00,36.4,25,1.66,119,0.0,980.8,2395.0
2025-05-01 14:00:00,37.5,20,1.96,4,0.0,980.7,2795.0
2025-05-01 15:00:00,35.9,19,1.96,52,0.0,979.4,2010.0
2025-05-01 16:00:00,36.0,20,3.02,74,0.0,979.5,2485.0
2025-05-01 17:00:00,34.6,26,3.67,84,0.0,979.3,970.0
2025-05-01 18:00:00,34.5,25,2.24,61,0.0,979.4,230.0
2025-05-01 19:00:00,33.2,27,3.21,95,0.0,979.2,385.0
2025-05-01 20:00:00,32.2,29,3.3,92,0.0,980.1,300.0
2025-05-01 21:00:00,31.1,30,3.14,99,0.0,980.9,290.0
2025-05-01 22:00:00,29.6,39,3.86,93,0.0,981.5,395.0
2025-05-01 23:00:00,28.4,46,4.39,98,0.0,981.5,480.0
2025-05-02 00:00:00,28.0,47,3.82,112,0.0,981.1,450.0
2025-05-02 01:00:00,27.5,48,3.66,125,0.0,980.6,480.0
2025-05-02 02:00:00,27.1,49,3.52,120,0.0,980.7,465.0
2025-05-02 03:00:00,26.6,51,3.5,112,0.0,980.8,465.0
2025-05-02 04:00:00,26.1,51,3.65,109,0.0,981.1,460.0
2025-05-02 05:00:00,25.6,53,3.42,115,0.0,981.6,450.0
2025-05-02 06:00:00,22.3,95,1.84,311,3.9,985.0,175.0
2025-05-02 07:00:00,22.3,95,1.36,36,3.7,985.3,170.0
2025-05-02 08:00:00,22.2,95,2.83,73,3.0,985.6,310.0
2025-05-02 09:00:00,21.6,96,3.1,92,1.5,985.0,375.0
2025-05-02 10:00:00,22.5,90,3.01,105,0.9,984.4,465.0
2025-05-02 11:00:00,24.1,80,2.79,105,0.1,984.4,590.0
2025-05-02 12:00:00,25.6,73,2.51,84,0.0,983.8,630.0
2025-05-02 13:00:00,26.8,67,3.04,73,0.0,982.8,685.0
2025-05-02 14:00:00,27.8,62,2.61,85,0.0,981.4,675.0
2025-05-02 15:00:00,28.5,61,2.35,89,0.0,980.2,865.0
2025-05-02 16:00:00,28.3,61,2.05,77,0.0,979.6,935.0
2025-05-02 17:00:00,28.1,61,1.95,64,0.0,979.5,750.0
2025-05-02 18:00:00,28.1,55,1.43,65,0.0,980.4,805.0
2025-05-02 19:00:00,27.5,58,1.33,77,0.0,980.5,110.0
2025-05-02 20:00:00,27.1,60,1.33,70,0.0,980.9,110.0
2025-05-02 21:00:00,26.8,62,1.1,60,0.0,981.2,100.0
2025-05-02 22:00:00,26.2,67,0.83,65,0.0,981.2,90.0
2025-05-02 23:00:00,25.7,70,0.75,86,0.0,981.0,100.0
2025-05-03 00:00:00,25.2,70,0.86,83,0.0,980.4,95.0
2025-05-03 01:00:00,24.8,70,1.75,87,0.0,979.3,125.0
2025-05-03 02:00:00,24.2,71,1.79,72,0.0,978.9,135.0
2025-05-03 03:00:00,23.7,73,1.75,66,0.0,978.7,140.0
2025-05-03 04:00:00,23.2,79,0.6,85,0.0,979.1,60.0
2025-05-03 05:00:00,23.1,79,0.35,82,0.0,979.7,30.0
2025-05-03 06:00:00,24.2,79,1.05,265,0.0,981.1,60.0
2025-05-03 07:00:00,25.4,73,2.38,80,0.0,981.6,285.0
2025-05-03 08:00:00,27.5,63,1.68,100,0.0,982.0,330.0
2025-05-03 09:00:00,29.2,53,2.7,124,0.0,981.8,420.0
2025-05-03 10:00:00,31.8,42,1.72,116,0.0,981.8,800.0
2025-05-03 11:00:00,32.0,39,0.96,96,0.4,981.9,1000.0
2025-05-03 12:00:00,32.7,36,2.21,142,0.0,979.9,950.0
2025-05-03 13:00:00,34.8,31,1.46,158,0.0,979.1,1595.0
2025-05-03 14:00:00,29.5,47,2.96,356,0.8,980.0,470.0
2025-05-03 15:00:00,29.8,45,1.38,77,0.0,978.1,325.0
2025-05-03 16:00:00,30.4,45,2.35,63,0.0,978.0,520.0
2025-05-03 17:00:00,30.2,45,1.14,113,0.0,977.8,415.0
2025-05-03 18:00:00,28.0,53,2.87,133,0.5,977.5,190.0
2025-05-03 19:00:00,28.1,53,1.98,190,0.0,977.0,180.0
2025-05-03 20:00:00,28.0,55,0.92,193,0.0,977.5,115.0
2025-05-03 21:00:00,27.5,56,0.99,150,0.0,977.6,65.0
2025-05-03 22:00:00,26.9,59,1.03,157,0.0,977.6,55.0
2025-05-03 23:00:00,26.6,56,1.86,204,0.0,977.5,70.0
2025-05-04 00:00:00,26.0,59,1.32,191,0.0,976.9,70.0
2025-05-04 01:00:00,25.6,62,1.15,180,0.0,976.5,60.0
2025-05-04 02:00:00,25.0,63,1.31,133,0.0,976.5,60.0
2025-05-04 03:00:00,24.5,65,1.71,111,0.0,976.6,75.0
2025-05-04 04:00:00,24.0,68,1.76,105,0.0,976.8,75.0
2025-05-04 05:00:00,23.7,70,1.9,120,0.0,977.2,85.0
2025-05-04 06:00:00,26.6,68,1.0,357,0.0,977.8,40.0
2025-05-04 07:00:00,27.8,66,1.03,47,0.0,978.4,130.0
2025-05-04 08:00:00,29.6,61,0.82,76,0.0,979.2,260.0
2025-05-04 09:00:00,31.7,51,1.41,107,0.0,979.3,665.0
2025-05-04 10:00:00,33.7,40,1.3,118,0.0,979.0,1220.0
2025-05-04 11:00:00,34.6,37,0.4,97,0.0,978.5,1685.0
2025-05-04 12:00:00,31.9,43,1.27,48,0.4,978.4,585.0
2025-05-04 13:00:00,30.0,53,3.4,139,1.3,978.1,550.0
2025-05-04 14:00:00,30.4,51,0.43,54,0.5,977.0,425.0
2025-05-04 15:00:00,31.0,47,1.47,35,0.0,976.2,680.0
2025-05-04 16:00:00,31.9,44,1.52,73,0.0,976.2,765.0
2025-05-04 17:00:00,31.8,44,1.79,67,0.0,976.2,825.0
2025-05-04 18:00:00,31.6,42,3.27,101,0.0,975.5,500.0
2025-05-04 19:00:00,30.4,46,1.52,117,0.0,976.7,210.0
2025-05-04 20:00:00,29.8,49,0.85,140,0.0,977.7,225.0
2025-05-04 21:00:00,29.4,55,0.3,360,0.0,978.5,30.0
2025-05-04 22:00:00,29.1,51,1.39,60,0.0,979.0,220.0
2025-05-04 23:00:00,28.2,55,1.87,74,0.0,978.9,180.0
2025-05-05 00:00:00,27.0,65,2.26,77,0.0,978.4,195.0
2025-05-05 01:00:00,26.1,72,2.3,90,0.0,978.0,215.0
2025-05-05 02:00:00,25.4,75,2.52,104,0.0,977.8,245.0
2025-05-05 03:00:00,25.1,76,2.51,107,0.0,977.7,230.0
2025-05-05 04:00:00,24.8,76,2.02,81,0.0,977.8,205.0
2025-05-05 05:00:00,24.5,77,2.14,69,0.0,978.2,205.0
2025-05-05 06:00:00,23.8,73,2.55,92,0.0,978.7,375.0
2025-05-05 07:00:00,25.1,68,2.85,108,0.0,979.5,440.0
2025-05-05 08:00:00,26.7,62,3.05,108,0.0,980.3,565.0
2025-05-05 09:00:00,28.8,55,3.31,119,0.0,980.8,670.0
2025-05-05 10:00:00,30.9,47,2.84,124,0.0,980.6,850.0
2025-05-05 11:00:00,32.7,40,2.55,133,0.0,980.3,1475.0
2025-05-05 12:00:00,33.7,34,1.95,138,0.0,979.6,1905.0
2025-05-05 13:00:00,34.5,31,1.24,140,0.0,978.5,2275.0
2025-05-05 14:00:00,35.4,29,0.86,97,0.0,977.2,2790.0
2025-05-05 15:00:00,34.3,30,2.55,28,0.0,976.5,2530.0
2025-05-05 16:00:00,31.9,40,3.79,36,0.1,976.4,930.0
2025-05-05 17:00:00,32.0,40,3.78,43,0.0,976.7,1260.0
2025-05-05 18:00:00,28.5,58,2.23,34,0.0,978.2,430.0
2025-05-05 19:00:00,26.8,67,3.16,55,0.0,978.4,355.0
2025-05-05 20:00:00,25.8,71,2.51,67,0.0,978.7,300.0
2025-05-05 21:00:00,25.2,75,2.45,88,0.0,979.6,280.0
2025-05-05 22:00:00,24.6,77,1.95,91,0.0,980.1,255.0
2025-05-05 23:00:00,24.0,79,2.1,89,0.0,980.1,215.0
2025-05-06 00:00:00,23.5,80,1.98,100,0.0,979.8,170.0
2025-05-06 01:00:00,23.1,82,1.5,111,0.0,979.2,120.0
2025-05-06 02:00:00,22.9,83,1.28,121,0.0,978.8,80.0
2025-05-06 03:00:00,22.7,83,1.39,111,0.0,978.9,75.0
2025-05-06 04:00:00,22.4,85,1.87,70,0.0,979.1,90.0
2025-05-06 05:00:00,22.0,87,1.37,80,0.0,979.5,90.0
2025-05-06 06:00:00,23.3,83,1.61,85,0.0,979.7,95.0
2025-05-06 07:00:00,24.7,77,1.4,86,0.0,980.1,160.0
2025-05-06 08:00:00,26.7,68,1.7,92,0.0,980.7,370.0
2025-05-06 09:00:00,28.6,58,2.23,81,0.0,980.7,675.0
2025-05-06 10:00:00,30.2,51,2.17,82,0.0,980.5,1035.0
2025-05-06 11:00:00,31.3,46,2.06,84,0.0,979.9,1430.0
2025-05-06 12:00:00,32.5,43,2.41,85,0.0,979.3,1905.0
2025-05-06 13:00:00,33.2,40,2.49,100,0.0,978.5,2355.0
2025-05-06 14:00:00,34.3,34,2.46,117,0.0,977.3,2885.0
2025-05-06 15:00:00,28.8,57,5.71,73,0.2,977.0,620.0
2025-05-06 16:00:00,30.2,48,2.63,111,0.1,976.7,735.0
2025-05-06 17:00:00,30.1,48,3.16,95,0.0,976.5,865.0
2025-05-06 18:00:00,29.7,47,2.09,79,0.0,977.0,320.0
2025-05-06 19:00:00,28.0,55,2.15,68,0.0,977.3,160.0
2025-05-06 20:00:00,27.4,56,2.75,87,0.0,978.1,210.0
2025-05-06 21:00:00,26.8,58,2.55,93,0.0,978.6,220.0
2025-05-06 22:00:00,26.0,62,2.54,100,0.0,978.7,285.0
2025-05-06 23:00:00,25.6,64,2.66,106,0.0,978.8,310.0
2025-05-07 00:00:00,25.1,67,2.5,110,0.0,978.5,275.0
2025-05-07 01:00:00,24.9,68,2.44,109,0.0,978.1,260.0
2025-05-07 02:00:00,24.6,71,2.16,103,0.0,978.1,235.0
2025-05-07 03:00:00,24.3,73,2.0,103,0.0,978.2,210.0
2025-05-07 04:00:00,24.0,75,2.15,93,0.0,978.5,220.0
2025-05-07 05:00:00,23.5,77,2.9,126,0.2,979.2,315.0
2025-05-07 06:00:00,24.9,76,2.26,96,0.0,979.7,355.0
2025-05-07 07:00:00,26.1,71,2.45,107,0.0,980.2,470.0
2025-05-07 08:00:00,27.8,60,2.21,115,0.0,980.2,490.0
2025-05-07 09:00:00,29.0,55,2.35,114,0.0,980.7,740.0
2025-05-07 10:00:00,30.4,50,3.24,103,0.1,980.6,1200.0
2025-05-07 11:00:00,31.7,44,3.31,101,0.0,980.0,1495.0
2025-05-07 12:00:00,33.1,38,3.25,91,0.0,979.1,1980.0
2025-05-07 13:00:00,33.9,36,3.45,92,0.0,977.7,2180.0
2025-05-07 14:00:00,33.6,35,3.05,88,0.1,976.5,2115.0
2025-05-07 15:00:00,33.7,35,2.8,71,0.0,975.8,2180.0
2025-05-07 16:00:00,33.0,37,2.0,77,0.0,975.7,2080.0
2025-05-07 17:00:00,31.1,43,3.37,83,0.1,976.1,1150.0
2025-05-07 18:00:00,27.7,66,1.16,7,0.0,976.6,155.0
2025-05-07 19:00:00,26.9,72,1.1,5,0.0,977.0,100.0
2025-05-07 20:00:00,26.7,75,1.12,27,0.0,977.6,85.0
2025-05-07 21:00:00,26.3,74,1.66,57,0.0,978.4,155.0
2025-05-07 22:00:00,25.9,74,1.21,60,0.0,978.4,115.0
2025-05-07 23:00:00,25.5,76,1.05,65,0.0,978.2,80.0
2025-05-08 00:00:00,25.0,79,0.9,56,0.0,977.8,55.0
2025-05-08 01:00:00,24.9,79,0.93,106,0.0,977.4,55.0
2025-05-08 02:00:00,24.7,78,1.06,71,0.0,977.2,60.0
2025-05-08 03:00:00,24.5,78,1.35,51,0.0,977.3,70.0
2025-05-08 04:00:00,24.3,79,1.52,63,0.0,977.7,85.0
2025-05-08 05:00:00,24.0,79,1.68,63,0.0,978.1,95.0
2025-05-08 06:00:00,24.0,83,2.37,162,2.9,978.9,90.0
2025-05-08 07:00:00,25.4,80,2.47,21,0.0,979.6,140.0
2025-05-08 08:00:00,26.8,69,2.04,62,0.0,980.0,290.0
2025-05-08 09:00:00,29.8,54,2.56,59,0.0,980.3,535.0
2025-05-08 10:00:00,31.2,50,2.84,66,0.0,980.0,970.0
2025-05-08 11:00:00,31.4,49,3.87,73,0.0,979.7,1385.0
2025-05-08 12:00:00,31.1,51,2.52,111,1.1,979.4,1225.0
2025-05-08 13:00:00,29.9,57,2.39,127,1.2,978.9,595.0
2025-05-08 14:00:00,30.4,55,2.17,109,0.0,978.1,945.0
2025-05-08 15:00:00,31.0,53,1.81,118,0.0,977.6,1190.0
2025-05-08 16:00:00,29.5,59,1.52,67,0.5,977.6,550.0
2025-05-08 17:00:00,29.6,58,1.72,54,0.0,977.5,710.0
2025-05-08 18:00:00,31.7,42,1.04,107,0.0,977.3,305.0
2025-05-08 19:00:00,30.4,50,1.02,79,0.0,977.7,105.0
2025-05-08 20:00:00,29.5,52,1.36,62,0.0,978.6,110.0
2025-05-08 21:00:00,28.5,58,1.32,79,0.0,979.2,95.0
2025-05-08 22:00:00,27.7,61,1.66,83,0.0,979.6,100.0
2025-05-08 23:00:00,27.3,61,1.87,82,0.0,979.4,110.0
2025-05-09 00:00:00,26.6,64,2.32,33,0.0,979.3,135.0
2025-05-09 01:00:00,25.8,68,2.42,52,0.0,979.0,230.0
2025-05-09 02:00:00,25.6,68,2.08,80,0.0,978.7,175.0
2025-05-09 03:00:00,25.3,70,1.75,92,0.0,978.8,155.0
2025-05-09 04:00:00,25.0,72,1.44,104,0.0,979.0,125.0
2025-05-09 05:00:00,24.6,74,1.27,99,0.0,979.3,105.0
2025-05-09 06:00:00,25.9,69,1.08,103,0.0,980.4,60.0
2025-05-09 07:00:00,27.2,65,1.48,102,0.0,981.2,160.0
2025-05-09 08:00:00,29.3,59,0.65,122,0.0,981.7,295.0
2025-05-09 09:00:00,31.0,52,1.34,153,0.0,982.0,1015.0
2025-05-09 10:00:00,32.2,47,1.46,142,0.0,982.0,1400.0
2025-05-09 11:00:00,33.5,42,1.8,124,0.0,981.5,1770.0
2025-05-09 12:00:00,34.9,37,1.82,127,0.0,980.6,2185.0
2025-05-09 13:00:00,36.0,33,1.8,134,0.0,979.8,2560.0
2025-05-09 14:00:00,36.5,31,1.97,144,0.0,978.8,2785.0
2025-05-09 15:00:00,36.3,31,1.97,150,0.0,977.7,2760.0
2025-05-09 16:00:00,32.6,44,0.87,294,1.8,977.7,595.0
2025-05-09 17:00:00,31.9,45,2.53,9,0.1,978.0,570.0
2025-05-09 18:00:00,33.1,38,1.55,180,0.0,977.9,355.0
2025-05-09 19:00:00,31.6,42,1.85,161,0.0,978.3,265.0
2025-05-09 20:00:00,30.8,44,1.5,184,0.0,978.9,145.0
2025-05-09 21:00:00,30.0,47,1.45,224,0.0,979.6,100.0
2025-05-09 22:00:00,28.9,57,1.0,252,0.0,979.7,85.0
2025-05-09 23:00:00,28.6,62,0.34,333,0.0,979.7,30.0
2025-05-10 00:00:00,28.1,63,0.51,79,0.0,979.5,35.0
2025-05-10 01:00:00,27.9,62,0.59,110,0.0,978.7,35.0
2025-05-10 02:00:00,27.9,61,0.36,106,0.0,978.4,35.0
2025-05-10 03:00:00,27.1,60,1.07,101,0.0,978.4,75.0
2025-05-10 04:00:00,26.7,59,1.72,98,0.0,978.6,85.0
2025-05-10 05:00:00,26.1,62,1.41,96,0.0,979.1,75.0
2025-05-10 06:00:00,27.9,60,1.19,33,0.0,980.0,100.0
2025-05-10 07:00:00,29.3,56,0.83,57,0.0,980.4,145.0
2025-05-10 08:00:00,31.3,51,1.06,82,0.0,980.9,305.0
2025-05-10 09:00:00,33.4,41,1.0,96,0.0,981.3,1555.0
2025-05-10 10:00:00,34.6,36,1.11,98,0.0,981.2,1990.0
2025-05-10 11:00:00,35.7,34,1.01,110,0.0,980.6,2360.0
2025-05-10 12:00:00,36.7,31,0.78,130,0.0,979.8,2740.0
2025-05-10 13:00:00,36.4,30,1.35,239,0.0,978.8,2705.0
2025-05-10 14:00:00,32.3,47,4.25,348,0.0,978.7,465.0
2025-05-10 15:00:00,32.4,43,2.83,58,0.0,978.0,445.0
2025-05-10 16:00:00,33.6,40,1.8,46,0.0,977.8,1175.0
2025-05-10 17:00:00,31.9,47,2.12,45,0.0,978.0,990.0
2025-05-10 18:00:00,31.5,51,0.4,30,0.0,977.6,35.0
2025-05-10 19:00:00,30.2,57,0.99,45,0.0,978.6,100.0
2025-05-10 20:00:00,29.2,62,1.03,67,0.0,979.2,115.0
2025-05-10 21:00:00,29.0,68,0.57,105,0.0,979.5,45.0
2025-05-10 22:00:00,28.8,67,0.22,153,0.0,979.2,20.0
2025-05-10 23:00:00,28.4,68,0.16,108,0.0,978.8,20.0
2025-05-11 00:00:00,27.8,69,0.36,124,0.0,978.4,35.0
2025-05-11 01:00:00,27.2,71,0.57,195,0.0,977.7,35.0
2025-05-11 02:00:00,26.3,72,1.04,215,0.0,977.4,40.0
2025-05-11 03:00:00,25.8,73,1.13,229,0.0,977.4,40.0
2025-05-11 04:00:00,25.4,75,1.12,260,0.0,978.1,40.0
2025-05-11 05:00:00,25.0,76,1.05,267,0.0,978.4,40.0
2025-05-11 06:00:00,26.3,77,1.52,319,0.0,979.3,90.0
2025-05-11 07:00:00,27.9,68,1.0,307,0.0,979.9,145.0
2025-05-11 08:00:00,30.0,57,1.17,301,0.0,980.1,340.0
2025-05-11 09:00:00,32.1,45,1.74,321,0.0,980.6,795.0
2025-05-11 10:00:00,33.6,40,1.9,337,0.0,980.5,1075.0
2025-05-11 11:00:00,35.0,36,2.07,340,0.0,979.9,1550.0
2025-05-11 12:00:00,36.2,31,2.26,342,0.0,978.8,2005.0
2025-05-11 13:00:00,37.3,28,2.21,342,0.0,977.6,2425.0
2025-05-11 14:00:00,37.9,25,2.69,331,0.0,976.5,2620.0
2025-05-11 15:00:00,38.0,23,3.37,320,0.0,975.5,2740.0
2025-05-11 16:00:00,37.9,22,2.55,313,0.0,974.9,2735.0
2025-05-11 17:00:00,37.7,22,2.45,311,0.0,974.8,2980.0
2025-05-11 18:00:00,35.6,38,0.29,329,0.0,974.0,20.0
2025-05-11 19:00:00,34.2,38,0.11,297,0.0,974.6,10.0
2025-05-11 20:00:00,33.0,30,4.56,308,0.0,976.5,615.0
2025-05-11 21:00:00,31.3,35,2.73,311,0.0,977.3,350.0
2025-05-11 22:00:00,30.6,37,2.34,304,0.0,977.7,195.0
2025-05-11 23:00:00,30.2,38,2.44,314,0.0,977.4,180.0
2025-05-12 00:00:00,29.3,40,2.41,310,0.0,976.9,175.0
2025-05-12 01:00:00,28.7,42,1.94,325,0.0,976.2,140.0
2025-05-12 02:00:00,27.7,48,1.35,321,0.0,975.7,70.0
2025-05-12 03:00:00,27.5,52,0.53,311,0.0,975.5,25.0
2025-05-12 04:00:00,27.0,53,0.78,297,0.0,975.7,25.0
2025-05-12 05:00:00,26.2,50,1.7,298,0.0,976.0,45.0
2025-05-12 06:00:00,26.1,56,1.99,245,0.0,977.6,70.0
2025-05-12 07:00:00,28.2,50,1.76,275,0.0,978.2,150.0
2025-05-12 08:00:00,30.9,40,1.71,277,0.0,978.7,315.0
2025-05-12 09:00:00,33.2,33,2.4,293,0.0,979.3,645.0
2025-05-12 10:00:00,35.1,28,2.67,287,0.0,979.2,1055.0
2025-05-12 11:00:00,36.8,24,3.26,285,0.0,979.0,1705.0
2025-05-12 12:00:00,37.9,22,3.4,287,0.0,978.1,2185.0
2025-05-12 13:00:00,38.8,20,3.3,288,0.0,977.2,2880.0
2025-05-12 14:00:00,39.2,18,3.62,294,0.0,976.0,3210.0
2025-05-12 15:00:00,39.2,18,3.97,301,0.0,975.2,3310.0
2025-05-12 16:00:00,38.7,18,3.68,307,0.0,974.9,3315.0
2025-05-12 17:00:00,38.1,18,3.22,306,0.0,974.7,3245.0
2025-05-12 18:00:00,36.4,20,1.71,322,0.0,974.4,360.0
2025-05-12 19:00:00,34.2,28,1.07,349,0.0,974.8,55.0
2025-05-12 20:00:00,33.6,30,0.56,27,0.0,975.2,25.0
2025-05-12 21:00:00,32.9,32,0.16,162,0.0,975.5,10.0
2025-05-12 22:00:00,30.9,33,1.24,140,0.0,976.0,45.0
2025-05-12 23:00:00,29.9,37,1.34,117,0.0,976.3,55.0
2025-05-13 00:00:00,29.1,38,1.36,186,0.0,975.7,40.0
2025-05-13 01:00:00,28.8,38,1.45,180,0.0,975.1,35.0
2025-05-13 02:00:00,28.9,35,2.3,204,0.0,975.1,60.0
2025-05-13 03:00:00,28.0,37,2.85,232,0.0,975.0,85.0
2025-05-13 04:00:00,28.0,36,3.2,243,0.0,975.5,115.0
2025-05-13 05:00:00,27.6,36,3.18,254,0.0,976.1,150.0
2025-05-13 06:00:00,29.4,39,3.16,274,0.0,977.7,365.0
2025-05-13 07:00:00,30.6,37,2.83,287,0.0,978.3,510.0
2025-05-13 08:00:00,32.5,33,2.93,295,0.0,978.9,690.0
2025-05-13 09:00:00,34.6,29,3.45,289,0.0,979.3,915.0
2025-05-13 10:00:00,36.5,25,3.95,288,0.0,979.3,1180.0
2025-05-13 11:00:00,38.4,21,4.17,289,0.0,978.9,1845.0
2025-05-13 12:00:00,39.9,17,4.1,290,0.0,978.1,3110.0
2025-05-13 13:00:00,40.5,15,3.85,286,0.0,977.1,3370.0
2025-05-13 14:00:00,40.9,14,3.89,290,0.0,976.1,3740.0
2025-05-13 15:00:00,40.5,14,3.9,303,0.0,975.4,3750.0
2025-05-13 16:00:00,40.0,14,3.91,309,0.0,974.8,3785.0
2025-05-13 17:00:00,38.6,16,5.17,312,0.0,974.7,1750.0
2025-05-13 18:00:00,37.3,19,1.61,306,0.0,975.4,3165.0
2025-05-13 19:00:00,35.8,20,2.59,289,0.0,975.7,585.0
2025-05-13 20:00:00,34.3,22,2.6,269,0.0,976.2,220.0
2025-05-13 21:00:00,33.5,22,2.55,247,0.0,976.2,145.0
2025-05-13 22:00:00,33.4,22,2.64,251,0.0,976.0,140.0
2025-05-13 23:00:00,32.3,24,2.07,250,0.0,975.8,95.0
2025-05-14 00:00:00,31.6,25,2.55,244,0.0,975.2,100.0
2025-05-14 01:00:00,31.3,25,2.71,240,0.0,974.7,100.0
2025-05-14 02:00:00,30.2,27,3.11,242,0.0,974.5,135.0
2025-05-14 03:00:00,29.8,27,3.45,251,0.0,974.9,170.0
2025-05-14 04:00:00,28.7,29,3.52,264,0.0,975.5,190.0
2025-05-14 05:00:00,27.9,30,3.52,276,0.0,976.3,175.0
2025-05-14 06:00:00,27.7,38,2.8,289,0.0,977.5,140.0
2025-05-14 07:00:00,29.6,36,2.49,292,0.0,978.3,210.0
2025-05-14 08:00:00,32.1,31,2.28,289,0.0,979.1,295.0
2025-05-14 09:00:00,34.5,27,2.79,279,0.0,979.6,520.0
2025-05-14 10:00:00,36.6,24,2.93,284,0.0,979.6,1330.0
2025-05-14 11:00:00,38.3,22,3.37,285,0.0,979.4,2070.0
2025-05-14 12:00:00,39.7,18,3.34,292,0.0,978.6,3115.0
2025-05-14 13:00:00,40.4,15,3.94,294,0.0,977.9,3260.0
2025-05-14 14:00:00,40.7,13,3.95,292,0.0,976.9,3385.0
2025-05-14 15:00:00,40.7,13,4.08,301,0.0,976.1,3395.0
2025-05-14 16:00:00,40.4,13,3.66,310,0.0,975.5,3305.0
2025-05-14 17:00:00,39.7,13,3.98,320,0.0,975.2,3105.0
2025-05-14 18:00:00,38.3,15,1.46,276,0.0,974.8,200.0
2025-05-14 19:00:00,35.8,20,1.35,272,0.0,975.2,60.0
2025-05-14 20:00:00,34.9,21,1.52,261,0.0,975.6,65.0
2025-05-14 21:00:00,34.7,21,1.61,296,0.0,976.0,105.0
2025-05-14 22:00:00,35.0,19,2.23,9,0.0,976.5,135.0
2025-05-14 23:00:00,33.3,27,0.35,262,0.0,976.4,20.0
2025-05-15 00:00:00,31.6,31,0.32,231,0.0,976.2,15.0
2025-05-15 01:00:00,29.8,35,0.72,236,0.0,975.6,15.0
2025-05-15 02:00:00,29.2,38,0.45,264,0.0,975.5,15.0
2025-05-15 03:00:00,28.9,39,0.35,270,0.0,975.7,10.0
2025-05-15 04:00:00,28.9,40,0.07,225,0.0,975.7,10.0
2025-05-15 05:00:00,28.8,39,0.14,315,0.0,976.0,10.0
2025-05-15 06:00:00,29.1,35,2.5,286,0.0,977.3,100.0
2025-05-15 07:00:00,30.8,33,2.27,284,0.0,978.1,150.0
2025-05-15 08:00:00,33.4,29,1.83,287,0.0,978.6,240.0
2025-05-15 09:00:00,36.1,24,1.83,296,0.0,979.0,565.0
2025-05-15 10:00:00,38.0,21,2.5,286,0.0,979.3,1375.0
2025-05-15 11:00:00,39.2,18,3.15,285,0.0,979.0,2125.0
2025-05-15 12:00:00,40.3,16,3.45,289,0.0,978.5,2900.0
2025-05-15 13:00:00,41.0,14,3.48,291,0.0,977.6,3255.0
2025-05-15 14:00:00,41.3,13,3.57,288,0.0,976.6,3340.0
2025-05-15 15:00:00,41.2,13,3.67,290,0.0,975.9,3310.0
2025-05-15 16:00:00,40.8,13,3.56,290,0.0,975.4,3265.0
2025-05-15 17:00:00,40.2,13,3.14,284,0.0,975.1,3155.0
2025-05-15 18:00:00,38.9,14,2.68,284,0.0,974.8,595.0
2025-05-15 19:00:00,37.4,15,2.84,296,0.0,974.9,235.0
2025-05-15 20:00:00,37.1,16,3.25,293,0.0,975.2,285.0
2025-05-15 21:00:00,36.9,15,2.94,291,0.0,975.5,215.0
2025-05-15 22:00:00,36.5,15,2.28,285,0.0,975.9,170.0
2025-05-15 23:00:00,34.2,18,2.52,262,0.0,976.0,90.0
2025-05-16 00:00:00,32.2,23,2.27,262,0.0,975.5,85.0
2025-05-16 01:00:00,31.2,25,1.97,261,0.0,974.7,60.0
2025-05-16 02:00:00,30.6,26,2.21,257,0.0,974.2,60.0
2025-05-16 03:00:00,29.5,28,2.11,266,0.0,974.6,70.0
2025-05-16 04:00:00,28.6,30,2.07,278,0.0,975.0,75.0
2025-05-16 05:00:00,28.2,30,2.37,277,0.0,975.6,80.0
2025-05-16 06:00:00,30.5,34,0.75,90,0.0,976.2,15.0
2025-05-16 07:00:00,32.6,32,2.34,228,0.0,976.8,65.0
2025-05-16 08:00:00,34.9,26,2.09,222,0.0,977.3,390.0
2025-05-16 09:00:00,36.8,22,2.75,269,0.0,977.7,735.0
2025-05-16 10:00:00,39.0,19,3.65,289,0.0,977.8,1500.0
2025-05-16 11:00:00,40.3,18,4.17,300,0.0,977.5,2005.0
2025-05-16 12:00:00,41.5,15,4.83,304,0.0,977.0,3000.0
2025-05-16 13:00:00,41.8,14,5.34,312,0.0,976.4,3565.0
2025-05-16 14:00:00,42.1,13,5.14,311,0.0,975.4,3830.0
2025-05-16 15:00:00,42.1,13,4.95,316,0.0,974.9,4130.0
2025-05-16 16:00:00,41.7,13,3.72,319,0.0,974.4,3830.0
2025-05-16 17:00:00,40.0,16,3.16,11,0.0,974.2,770.0
2025-05-16 18:00:00,36.5,29,4.09,55,0.0,974.8,605.0
2025-05-16 19:00:00,34.7,34,2.62,66,0.0,975.4,435.0
2025-05-16 20:00:00,33.7,37,2.47,108,0.0,975.4,275.0
2025-05-16 21:00:00,32.9,38,2.53,128,0.0,975.5,205.0
2025-05-16 22:00:00,32.1,39,2.71,157,0.0,975.5,155.0
2025-05-16 23:00:00,31.2,42,3.57,191,0.0,975.3,155.0
2025-05-17 00:00:00,30.1,46,3.22,186,0.0,974.9,140.0
2025-05-17 01:00:00,29.4,48,2.65,180,0.0,974.5,160.0
2025-05-17 02:00:00,29.0,48,2.11,185,0.0,974.2,120.0
2025-05-17 03:00:00,28.9,46,1.95,209,0.0,974.6,115.0
2025-05-17 04:00:00,28.9,42,2.56,201,0.0,974.4,115.0
2025-05-17 05:00:00,28.8,40,2.1,218,0.0,974.6,105.0
2025-05-17 06:00:00,32.2,30,4.0,270,0.0,975.6,530.0
2025-05-17 07:00:00,32.8,31,1.49,256,0.0,976.6,365.0
2025-05-17 08:00:00,34.4,30,2.04,332,0.0,977.4,715.0
2025-05-17 09:00:00,35.9,26,1.38,289,0.0,977.3,675.0
2025-05-17 10:00:00,38.4,24,2.74,285,0.0,977.4,1555.0
2025-05-17 11:00:00,40.1,22,3.56,296,0.0,977.2,2230.0
2025-05-17 12:00:00,41.0,19,4.34,303,0.0,976.6,3020.0
2025-05-17 13:00:00,41.2,17,4.73,309,0.0,976.1,3275.0
2025-05-17 14:00:00,42.0,15,4.77,300,0.0,974.9,3760.0
2025-05-17 15:00:00,41.6,15,5.78,303,0.0,974.0,3770.0
2025-05-17 16:00:00,41.5,15,4.94,298,0.0,973.7,3705.0
2025-05-17 17:00:00,40.8,15,5.01,296,0.0,973.4,3510.0
2025-05-17 18:00:00,37.0,26,2.85,158,0.0,973.9,325.0
2025-05-17 19:00:00,34.6,30,3.73,154,0.0,974.4,510.0
2025-05-17 20:00:00,33.6,33,2.76,175,0.0,974.7,260.0
2025-05-17 21:00:00,32.3,37,1.37,147,0.0,975.4,130.0
2025-05-17 22:00:00,31.4,39,2.23,160,0.0,975.4,140.0
2025-05-17 23:00:00,30.7,39,2.84,171,0.0,975.0,180.0
2025-05-18 00:00:00,29.8,40,2.63,171,0.0,974.8,160.0
2025-05-18 01:00:00,29.0,43,2.65,179,0.0,974.1,130.0
2025-05-18 02:00:00,28.5,43,2.67,203,0.0,974.1,125.0
2025-05-18 03:00:00,29.1,34,3.28,249,0.0,974.2,170.0
2025-05-18 04:00:00,29.9,27,3.81,266,0.0,974.8,220.0
2025-05-18 05:00:00,29.8,27,2.25,302,0.0,975.6,205.0
2025-05-18 06:00:00,30.9,32,1.9,3,0.0,976.6,130.0
2025-05-18 07:00:00,31.9,32,0.56,27,0.0,977.3,135.0
2025-05-18 08:00:00,33.7,30,0.81,11,0.0,977.9,575.0
2025-05-18 09:00:00,35.8,27,1.47,305,0.0,978.0,895.0
2025-05-18 10:00:00,37.9,26,2.83,302,0.0,977.8,1330.0
2025-05-18 11:00:00,39.2,25,3.65,306,0.0,977.5,1650.0
2025-05-18 12:00:00,40.3,23,3.62,311,0.0,976.8,1855.0
2025-05-18 13:00:00,41.1,22,3.8,305,0.0,975.8,2140.0
2025-05-18 14:00:00,41.3,21,4.02,297,0.0,974.8,3065.0
2025-05-18 15:00:00,41.4,18,4.01,299,0.0,974.1,3275.0
2025-05-18 16:00:00,41.6,17,3.72,303,0.0,973.3,3450.0
2025-05-18 17:00:00,41.4,17,2.98,310,0.0,972.8,3665.0
2025-05-18 18:00:00,35.8,37,4.29,97,0.0,973.0,440.0
2025-05-18 19:00:00,34.6,40,2.5,92,0.0,973.5,255.0
2025-05-18 20:00:00,33.7,43,3.44,82,0.0,974.2,360.0
2025-05-18 21:00:00,32.3,50,2.97,107,0.0,975.1,355.0
2025-05-18 22:00:00,31.6,53,3.18,103,0.0,975.3,280.0
2025-05-18 23:00:00,31.0,54,3.06,128,0.0,975.5,265.0
2025-05-19 00:00:00,30.4,55,3.26,133,0.0,975.4,260.0
2025-05-19 01:00:00,29.7,58,3.26,137,0.0,974.8,265.0
2025-05-19 02:00:00,29.2,60,2.95,141,0.0,974.7,265.0
2025-05-19 03:00:00,28.6,63,2.65,137,0.0,975.0,250.0
2025-05-19 04:00:00,28.0,66,2.62,125,0.0,975.4,245.0
2025-05-19 05:00:00,27.6,69,2.65,112,0.0,976.0,235.0
2025-05-19 06:00:00,28.9,66,2.59,100,0.0,976.6,295.0
2025-05-19 07:00:00,29.9,63,2.66,102,0.0,977.4,330.0
2025-05-19 08:00:00,31.5,58,2.62,108,0.0,977.7,380.0
2025-05-19 09:00:00,33.6,51,2.26,108,0.0,978.1,560.0
2025-05-19 10:00:00,35.6,44,1.42,100,0.0,978.2,900.0
2025-05-19 11:00:00,37.7,37,1.35,42,0.0,978.1,1335.0
2025-05-19 12:00:00,39.2,32,1.54,25,0.0,977.1,1665.0
2025-05-19 13:00:00,40.4,28,1.02,349,0.0,975.9,2015.0
2025-05-19 14:00:00,41.5,23,2.97,264,0.0,974.8,3090.0
2025-05-19 15:00:00,41.2,20,3.85,269,0.0,973.8,2470.0
2025-05-19 16:00:00,40.5,23,3.15,250,0.0,972.9,2030.0
2025-05-19 17:00:00,40.4,23,0.81,330,0.0,972.5,2695.0
2025-05-19 18:00:00,36.7,37,4.12,67,0.0,972.9,665.0
2025-05-19 19:00:00,35.0,45,2.85,79,0.0,973.7,355.0
2025-05-19 20:00:00,33.5,51,3.25,92,0.0,974.6,525.0
2025-05-19 21:00:00,32.6,54,2.96,127,0.0,974.3,230.0
2025-05-19 22:00:00,31.8,56,2.37,152,0.0,974.8,220.0
2025-05-19 23:00:00,31.2,58,2.14,143,0.0,975.0,185.0
2025-05-20 00:00:00,30.7,59,2.37,132,0.0,974.8,175.0
2025-05-20 01:00:00,30.2,61,2.3,138,0.0,974.6,175.0
2025-05-20 02:00:00,29.7,63,1.83,125,0.0,974.4,125.0
2025-05-20 03:00:00,29.1,66,2.53,117,0.0,974.1,165.0
2025-05-20 04:00:00,28.3,70,2.7,101,0.0,974.6,205.0
2025-05-20 05:00:00,27.5,74,2.86,106,0.0,975.0,235.0
2025-05-20 06:00:00,29.0,68,2.91,129,0.0,975.4,330.0
2025-05-20 07:00:00,30.0,64,2.57,127,0.0,975.8,350.0
2025-05-20 08:00:00,31.8,57,2.08,125,0.0,976.0,390.0
2025-05-20 09:00:00,34.0,49,1.75,127,0.0,976.0,570.0
2025-05-20 10:00:00,36.1,41,0.93,144,0.0,975.8,1020.0
2025-05-20 11:00:00,38.3,33,0.81,248,0.0,975.3,1425.0
2025-05-20 12:00:00,40.5,25,2.23,279,0.0,974.3,2260.0
2025-05-20 13:00:00,41.7,21,4.09,282,0.0,973.5,2825.0
2025-05-20 14:00:00,41.9,19,4.43,286,0.0,972.2,2705.0
2025-05-20 15:00:00,42.2,17,4.67,305,0.0,971.6,3290.0
2025-05-20 16:00:00,39.8,21,6.14,353,0.0,972.1,1505.0
2025-05-20 17:00:00,38.1,26,3.23,13,0.0,971.5,975.0
2025-05-20 18:00:00,38.7,27,3.43,74,0.0,971.0,325.0
2025-05-20 19:00:00,34.9,49,3.3,104,0.0,971.4,335.0
2025-05-20 20:00:00,33.7,54,2.61,102,0.0,972.1,230.0
2025-05-20 21:00:00,33.0,56,2.44,105,0.0,972.8,270.0
2025-05-20 22:00:00,32.2,58,2.27,131,0.0,973.5,260.0
2025-05-20 23:00:00,31.7,59,2.48,138,0.0,973.2,210.0
2025-05-21 00:00:00,31.3,59,3.05,159,0.0,973.0,225.0
2025-05-21 01:00:00,31.0,58,3.06,165,0.0,972.8,215.0
2025-05-21 02:00:00,30.5,59,2.9,165,0.0,972.7,200.0
2025-05-21 03:00:00,29.9,61,2.37,138,0.0,973.1,150.0
2025-05-21 04:00:00,29.5,62,2.5,143,0.0,973.6,165.0
2025-05-21 05:00:00,29.0,63,2.41,140,0.0,974.3,190.0
2025-05-21 06:00:00,31.2,61,1.7,130,0.0,975.2,230.0
2025-05-21 07:00:00,30.9,62,4.31,95,0.0,976.4,560.0
2025-05-21 08:00:00,32.0,53,3.47,117,0.0,976.5,465.0
2025-05-21 09:00:00,34.0,46,2.81,141,0.0,976.7,530.0
2025-05-21 10:00:00,36.3,37,1.95,154,0.0,976.7,760.0
2025-05-21 11:00:00,38.2,31,1.12,170,0.0,976.4,1060.0
2025-05-21 12:00:00,39.4,27,1.17,170,0.0,975.8,1295.0
2025-05-21 13:00:00,40.5,25,0.81,173,0.0,974.9,1605.0
2025-05-21 14:00:00,41.3,22,0.62,166,0.0,973.7,2120.0
2025-05-21 15:00:00,42.2,20,0.49,156,0.0,972.8,3400.0
2025-05-21 16:00:00,42.0,17,4.07,332,0.0,973.1,3625.0
2025-05-21 17:00:00,37.5,27,4.68,18,0.0,973.3,545.0
2025-05-21 18:00:00,34.5,49,4.25,89,0.0,972.0,440.0
2025-05-21 19:00:00,33.8,51,4.2,68,0.0,973.3,545.0
2025-05-21 20:00:00,32.8,55,4.12,80,0.0,974.0,685.0
2025-05-21 21:00:00,31.9,59,3.74,102,0.0,974.5,485.0
2025-05-21 22:00:00,31.2,62,3.05,131,0.0,974.5,395.0
2025-05-21 23:00:00,30.7,63,3.55,145,0.0,974.4,400.0
2025-05-22 00:00:00,30.4,63,3.46,143,0.0,974.1,360.0
2025-05-22 01:00:00,29.9,64,3.2,141,0.0,974.0,415.0
2025-05-22 02:00:00,29.5,65,3.11,135,0.0,974.1,420.0
2025-05-22 03:00:00,29.2,66,3.07,120,0.0,974.2,380.0
2025-05-22 04:00:00,28.6,68,2.96,106,0.0,974.8,360.0
2025-05-22 05:00:00,28.0,71,3.66,87,0.0,975.2,375.0
2025-05-22 06:00:00,24.8,78,2.23,110,0.0,976.5,260.0
2025-05-22 07:00:00,26.2,71,2.82,117,0.0,976.9,335.0
2025-05-22 08:00:00,28.1,64,3.76,113,0.0,977.8,610.0
2025-05-22 09:00:00,29.9,59,4.29,118,0.0,978.3,855.0
2025-05-22 10:00:00,31.7,54,4.32,114,0.0,977.8,960.0
2025-05-22 11:00:00,33.3,49,4.37,114,0.0,977.5,1065.0
2025-05-22 12:00:00,34.5,45,4.03,120,0.0,976.5,1150.0
2025-05-22 13:00:00,35.6,41,3.28,121,0.0,975.6,1285.0
2025-05-22 14:00:00,36.3,38,2.8,121,0.0,974.5,1480.0
2025-05-22 15:00:00,36.5,38,2.74,121,0.0,973.8,1530.0
2025-05-22 16:00:00,36.4,37,2.77,118,0.0,973.4,1510.0
2025-05-22 17:00:00,35.8,39,3.0,123,0.0,972.9,1295.0
2025-05-22 18:00:00,32.5,47,3.48,111,0.0,973.5,720.0
2025-05-22 19:00:00,31.5,50,3.64,108,0.0,973.6,525.0
2025-05-22 20:00:00,30.8,52,3.98,102,0.0,974.0,510.0
2025-05-22 21:00:00,30.1,55,3.52,113,0.0,974.7,465.0
2025-05-22 22:00:00,29.5,56,3.51,114,0.0,975.1,435.0
2025-05-22 23:00:00,28.9,58,3.24,119,0.0,975.2,405.0
2025-05-23 00:00:00,28.4,59,3.58,113,0.0,974.8,430.0
2025-05-23 01:00:00,27.9,62,3.7,109,0.0,974.5,425.0
2025-05-23 02:00:00,27.5,65,3.57,105,0.0,974.3,390.0
2025-05-23 03:00:00,27.0,67,3.46,108,0.0,974.3,380.0
2025-05-23 04:00:00,26.7,69,3.48,108,0.0,974.7,400.0
2025-05-23 05:00:00,26.3,73,3.74,102,0.0,974.7,390.0
2025-05-23 06:00:00,27.3,71,3.25,104,0.0,975.5,480.0
2025-05-23 07:00:00,28.4,69,3.44,103,0.0,975.8,530.0
2025-05-23 08:00:00,30.2,62,3.89,106,0.0,975.9,655.0
2025-05-23 09:00:00,32.3,52,4.19,110,0.0,975.9,850.0
2025-05-23 10:00:00,33.9,46,4.01,114,0.0,975.5,1085.0
2025-05-23 11:00:00,35.3,42,3.86,121,0.0,974.8,1315.0
2025-05-23 12:00:00,36.3,40,3.61,124,0.0,973.9,1535.0
2025-05-23 13:00:00,37.2,37,3.37,122,0.0,972.8,1715.0
2025-05-23 14:00:00,37.7,36,3.16,119,0.0,971.7,1770.0
2025-05-23 15:00:00,37.7,36,3.2,117,0.0,970.9,1855.0
2025-05-23 16:00:00,37.3,37,3.37,108,0.0,970.7,1700.0
2025-05-23 17:00:00,36.4,39,3.45,107,0.0,970.7,1700.0
2025-05-23 18:00:00,35.2,40,3.43,113,0.0,970.9,1155.0
2025-05-23 19:00:00,33.9,43,3.93,97,0.0,971.3,660.0
2025-05-23 20:00:00,32.9,46,3.6,88,0.0,971.9,470.0
2025-05-23 21:00:00,32.0,50,3.46,94,0.0,972.8,410.0
2025-05-23 22:00:00,31.4,52,3.46,94,0.0,973.3,405.0
2025-05-23 23:00:00,30.9,53,3.19,99,0.0,973.5,400.0
2025-05-24 00:00:00,30.3,55,3.4,100,0.0,973.5,420.0
2025-05-24 01:00:00,29.8,57,3.47,105,0.0,973.3,450.0
2025-05-24 02:00:00,29.4,59,3.42,102,0.0,973.2,475.0
2025-05-24 03:00:00,28.9,62,3.3,100,0.0,973.4,450.0
2025-05-24 04:00:00,28.4,64,3.41,93,0.0,974.0,435.0
2025-05-24 05:00:00,28.0,66,3.72,95,0.0,974.5,470.0
2025-05-24 06:00:00,30.3,61,3.72,101,0.0,974.8,685.0
2025-05-24 07:00:00,31.1,59,3.83,112,0.0,975.1,680.0
2025-05-24 08:00:00,32.6,54,4.16,108,0.0,975.2,915.0
2025-05-24 09:00:00,34.1,49,4.93,108,0.0,975.4,1190.0
2025-05-24 10:00:00,35.3,45,4.66,113,0.0,975.3,1280.0
2025-05-24 11:00:00,36.1,44,4.26,106,0.0,975.1,1455.0
2025-05-24 12:00:00,36.7,42,3.67,107,0.0,974.8,1650.0
2025-05-24 13:00:00,37.0,41,3.76,115,0.0,973.5,1700.0
2025-05-24 14:00:00,37.2,40,3.11,116,0.0,972.7,1875.0
2025-05-24 15:00:00,33.9,52,3.42,111,1.5,972.7,590.0
2025-05-24 16:00:00,35.0,46,1.92,81,0.0,972.5,1410.0
2025-05-24 17:00:00,35.1,44,2.95,105,0.0,972.5,1435.0
2025-05-24 18:00:00,35.9,37,4.27,123,0.0,971.3,1485.0
2025-05-24 19:00:00,34.8,40,3.63,105,0.0,972.5,1105.0
2025-05-24 20:00:00,33.6,44,3.69,106,0.0,973.6,720.0
2025-05-24 21:00:00,32.9,45,4.37,114,0.0,974.6,760.0
2025-05-24 22:00:00,32.3,47,4.14,110,0.0,975.6,725.0
2025-05-24 23:00:00,31.5,50,4.16,106,0.0,976.1,670.0
2025-05-25 00:00:00,30.8,53,4.87,109,0.0,975.8,655.0
2025-05-25 01:00:00,30.2,55,4.38,104,0.0,975.5,660.0
2025-05-25 02:00:00,29.7,57,3.81,95,0.0,975.8,640.0
2025-05-25 03:00:00,29.3,60,4.13,107,0.0,975.4,655.0
2025-05-25 04:00:00,28.7,63,3.8,92,0.0,976.2,620.0
2025-05-25 05:00:00,28.3,66,3.51,85,0.0,976.8,605.0
2025-05-25 06:00:00,22.9,89,2.17,142,0.0,976.7,185.0
2025-05-25 07:00:00,24.2,76,1.95,103,0.0,977.5,295.0
2025-05-25 08:00:00,25.7,63,2.46,96,0.0,978.3,440.0
2025-05-25 09:00:00,26.5,54,3.53,97,0.0,979.2,540.0
2025-05-25 10:00:00,27.4,50,2.8,100,0.1,979.3,605.0
2025-05-25 11:00:00,28.1,58,2.52,111,0.0,978.4,565.0
2025-05-25 12:00:00,28.8,61,1.44,104,0.0,977.8,620.0
2025-05-25 13:00:00,30.6,59,0.85,93,0.0,976.9,755.0
2025-05-25 14:00:00,31.3,57,0.91,84,0.0,975.9,770.0
2025-05-25 15:00:00,31.3,57,1.35,31,0.0,975.2,720.0
2025-05-25 16:00:00,31.0,59,2.21,13,0.0,974.7,600.0
2025-05-25 17:00:00,30.6,61,1.55,21,0.0,974.2,340.0
2025-05-25 18:00:00,29.8,68,2.25,107,0.0,975.3,650.0
2025-05-25 19:00:00,28.6,75,1.49,110,0.0,975.4,305.0
2025-05-25 20:00:00,28.3,77,1.46,22,0.0,976.0,155.0
2025-05-25 21:00:00,26.9,81,2.75,27,0.2,977.3,300.0
2025-05-25 22:00:00,26.6,83,2.57,83,0.0,977.8,235.0
2025-05-25 23:00:00,26.3,83,2.43,58,0.0,977.7,170.0
2025-05-26 00:00:00,26.1,82,1.94,72,0.0,977.6,145.0
2025-05-26 01:00:00,25.3,82,3.08,54,0.6,977.2,145.0
2025-05-26 02:00:00,25.1,86,3.43,77,0.6,976.8,160.0
2025-05-26 03:00:00,24.0,89,4.31,86,0.4,977.4,285.0
2025-05-26 04:00:00,24.1,86,3.6,104,0.0,977.1,245.0
2025-05-26 05:00:00,23.7,86,3.45,112,0.2,977.4,175.0
2025-05-26 06:00:00,26.4,82,4.22,71,0.3,977.3,255.0
2025-05-26 07:00:00,27.5,78,2.23,110,0.1,978.0,505.0
2025-05-26 08:00:00,28.6,71,3.23,98,0.0,978.0,460.0
2025-05-26 09:00:00,29.8,67,2.59,109,0.0,978.3,560.0
2025-05-26 10:00:00,31.0,61,2.51,125,0.0,977.9,630.0
2025-05-26 11:00:00,31.9,57,1.97,144,0.0,977.3,710.0
2025-05-26 12:00:00,33.4,51,1.66,136,0.0,976.2,1020.0
2025-05-26 13:00:00,34.4,46,1.44,110,0.0,975.0,1330.0
2025-05-26 14:00:00,35.0,43,1.25,90,0.0,973.8,1640.0
2025-05-26 15:00:00,35.2,42,0.97,69,0.0,972.8,1845.0
2025-05-26 16:00:00,35.2,42,0.78,40,0.0,972.2,1880.0
2025-05-26 17:00:00,34.9,45,1.14,15,0.0,971.8,1715.0
2025-05-26 18:00:00,32.4,55,1.2,73,0.0,972.6,75.0
2025-05-26 19:00:00,30.6,65,1.42,58,0.0,972.6,135.0
2025-05-26 20:00:00,29.1,69,1.6,76,0.0,973.1,140.0
2025-05-26 21:00:00,28.6,71,1.46,84,0.0,973.7,100.0
2025-05-26 22:00:00,28.2,73,1.42,80,0.0,974.1,90.0
2025-05-26 23:00:00,27.8,76,1.41,73,0.0,974.3,85.0
2025-05-27 00:00:00,27.4,78,1.35,86,0.0,974.3,80.0
2025-05-27 01:00:00,27.1,80,1.4,86,0.0,974.2,85.0
2025-05-27 02:00:00,26.8,80,1.76,83,0.0,974.0,105.0
2025-05-27 03:00:00,26.5,81,1.95,91,0.0,974.2,130.0
2025-05-27 04:00:00,26.2,81,1.89,102,0.0,974.4,135.0
2025-05-27 05:00:00,26.0,81,2.26,103,0.0,974.4,150.0
2025-05-27 06:00:00,27.3,81,1.91,85,0.0,974.9,165.0
2025-05-27 07:00:00,28.6,77,1.62,81,0.0,975.0,290.0
2025-05-27 08:00:00,30.1,71,2.05,89,0.0,975.4,570.0
2025-05-27 09:00:00,31.3,65,2.57,97,0.0,975.2,915.0
2025-05-27 10:00:00,32.5,58,2.04,101,0.0,974.9,1170.0
2025-05-27 11:00:00,33.3,54,1.3,92,0.0,974.5,1335.0
2025-05-27 12:00:00,34.0,52,1.15,72,0.0,973.9,1515.0
2025-05-27 13:00:00,34.6,49,1.1,60,0.0,973.0,1530.0
2025-05-27 14:00:00,35.0,47,0.99,45,0.0,971.9,1530.0
2025-05-27 15:00:00,35.3,45,0.68,36,0.0,971.0,1565.0
2025-05-27 16:00:00,35.2,44,0.71,8,0.0,970.6,1550.0
2025-05-27 17:00:00,34.8,46,0.82,14,0.0,970.0,1450.0
2025-05-27 18:00:00,33.6,51,1.44,34,0.0,969.7,65.0
2025-05-27 19:00:00,31.8,61,1.44,56,0.0,969.9,65.0
2025-05-27 20:00:00,30.7,65,2.0,91,0.0,970.8,145.0
2025-05-27 21:00:00,29.9,68,2.0,103,0.0,971.9,140.0
2025-05-27 22:00:00,29.3,70,1.64,102,0.0,972.9,110.0
2025-05-27 23:00:00,28.6,73,1.46,106,0.0,973.1,85.0
2025-05-28 00:00:00,28.0,75,1.39,120,0.0,973.1,75.0
2025-05-28 01:00:00,27.8,75,1.45,131,0.0,972.6,75.0
2025-05-28 02:00:00,27.6,76,1.7,130,0.0,972.5,85.0
2025-05-28 03:00:00,27.4,76,1.77,133,0.0,972.2,95.0
2025-05-28 04:00:00,27.2,77,2.1,128,0.0,972.2,120.0
2025-05-28 05:00:00,26.8,79,2.07,110,0.0,972.3,145.0
2025-05-28 06:00:00,29.0,76,1.64,149,0.0,972.7,120.0
2025-05-28 07:00:00,30.5,71,0.98,156,0.0,973.4,180.0
2025-05-28 08:00:00,32.1,65,0.73,74,0.0,974.1,415.0
2025-05-28 09:00:00,33.2,60,1.11,82,0.0,974.4,1210.0
2025-05-28 10:00:00,34.3,53,0.93,126,0.0,974.0,1335.0
2025-05-28 11:00:00,35.2,49,0.89,142,0.0,973.3,1660.0
2025-05-28 12:00:00,35.9,48,0.42,135,0.0,972.6,1780.0
2025-05-28 13:00:00,36.5,47,0.28,135,0.0,971.8,1960.0
2025-05-28 14:00:00,37.1,44,0.59,160,0.0,970.9,2110.0
2025-05-28 15:00:00,37.5,43,0.4,173,0.0,969.9,2155.0
2025-05-28 16:00:00,37.5,42,1.01,340,0.0,969.4,2260.0
2025-05-28 17:00:00,36.2,43,2.41,13,0.0,969.2,2095.0
2025-05-28 18:00:00,34.8,52,1.0,174,0.0,969.2,60.0
2025-05-28 19:00:00,32.5,68,0.61,125,0.0,969.3,30.0
2025-05-28 20:00:00,31.2,67,1.35,88,0.0,969.6,180.0
2025-05-28 21:00:00,30.1,71,1.32,127,0.0,970.3,120.0
2025-05-28 22:00:00,29.5,73,1.63,140,0.0,970.8,130.0
2025-05-28 23:00:00,28.7,77,2.3,136,0.0,971.0,150.0
2025-05-29 00:00:00,28.2,80,2.11,144,0.0,970.6,150.0
2025-05-29 01:00:00,27.6,83,1.81,129,0.0,970.3,145.0
2025-05-29 02:00:00,27.2,85,1.56,140,0.0,970.0,130.0
2025-05-29 03:00:00,27.0,87,1.17,149,0.0,969.9,105.0
2025-05-29 04:00:00,27.1,85,1.56,130,0.0,970.2,115.0
2025-05-29 05:00:00,26.8,86,1.25,127,0.0,970.7,100.0
2025-05-29 06:00:00,29.8,72,0.57,105,0.0,971.5,55.0
2025-05-29 07:00:00,30.6,71,1.43,144,0.0,971.6,250.0
2025-05-29 08:00:00,32.0,64,1.51,188,0.0,972.4,370.0
2025-05-29 09:00:00,33.4,58,2.53,205,0.0,972.3,625.0
2025-05-29 10:00:00,35.2,46,2.11,211,0.0,972.0,900.0
2025-05-29 11:00:00,36.9,41,1.5,217,0.0,971.6,1505.0
2025-05-29 12:00:00,37.7,38,1.25,182,0.0,970.7,2135.0
2025-05-29 13:00:00,38.0,36,1.78,169,0.0,969.7,2430.0
2025-05-29 14:00:00,38.2,34,1.97,173,0.0,968.8,2410.0
2025-05-29 15:00:00,37.9,33,1.96,176,0.0,968.0,2390.0
2025-05-29 16:00:00,37.8,32,2.17,172,0.0,967.5,2455.0
2025-05-29 17:00:00,36.5,40,2.07,165,0.0,967.1,260.0
2025-05-29 18:00:00,33.5,51,1.45,178,0.0,967.1,135.0
2025-05-29 19:00:00,32.6,51,1.92,189,0.0,967.1,125.0
2025-05-29 20:00:00,31.7,52,2.25,183,0.0,967.7,175.0
2025-05-29 21:00:00,31.2,53,2.07,188,0.0,968.4,185.0
2025-05-29 22:00:00,30.0,57,1.65,177,0.0,968.9,110.0
2025-05-29 23:00:00,29.1,59,1.65,182,0.0,969.0,70.0
2025-05-30 00:00:00,28.5,58,1.9,198,0.0,968.4,70.0
2025-05-30 01:00:00,28.4,57,2.17,203,0.0,967.8,90.0
2025-05-30 02:00:00,27.8,59,1.92,231,0.0,967.6,85.0
2025-05-30 03:00:00,27.1,64,1.61,244,0.0,967.4,65.0
2025-05-30 04:00:00,26.9,67,0.65,94,0.0,967.7,25.0
2025-05-30 05:00:00,25.7,74,1.11,98,0.0,968.1,30.0
2025-05-30 06:00:00,27.4,71,1.23,63,0.0,969.2,80.0
2025-05-30 07:00:00,28.4,69,0.78,50,0.0,969.9,75.0
2025-05-30 08:00:00,30.1,64,0.97,348,0.0,970.6,95.0
2025-05-30 09:00:00,33.7,46,1.47,342,0.0,971.1,1105.0
2025-05-30 10:00:00,34.9,37,3.62,349,0.0,971.4,1345.0
2025-05-30 11:00:00,34.4,35,3.36,5,0.0,971.1,1125.0
2025-05-30 12:00:00,33.8,38,1.8,19,0.0,970.5,945.0
2025-05-30 13:00:00,34.8,39,1.73,68,0.0,969.7,1050.0
2025-05-30 14:00:00,33.9,43,1.93,69,0.0,969.0,830.0
2025-05-30 15:00:00,35.1,40,1.06,71,0.0,968.4,935.0
2025-05-30 16:00:00,35.5,37,0.46,77,0.0,967.7,925.0
2025-05-30 17:00:00,35.3,35,0.07,225,0.0,967.5,825.0
2025-05-30 18:00:00,32.0,50,1.36,188,0.0,968.2,65.0
2025-05-30 19:00:00,30.4,53,1.5,201,0.0,968.3,45.0
2025-05-30 20:00:00,29.0,58,1.96,218,0.0,968.8,55.0
2025-05-30 21:00:00,28.3,60,2.16,230,0.0,969.5,70.0
2025-05-30 22:00:00,27.7,61,1.74,229,0.0,970.0,60.0
2025-05-30 23:00:00,27.2,63,1.46,211,0.0,970.2,40.0
2025-05-31 00:00:00,26.8,63,1.32,189,0.0,969.8,25.0
2025-05-31 01:00:00,26.2,62,1.62,189,0.0,969.5,35.0
2025-05-31 02:00:00,26.1,61,1.8,193,0.0,969.3,50.0
2025-05-31 03:00:00,25.9,64,1.7,182,0.0,969.3,45.0
2025-05-31 04:00:00,25.7,65,1.72,188,0.0,969.6,45.0
2025-05-31 05:00:00,25.9,61,2.4,203,0.0,970.4,65.0
2025-05-31 06:00:00,27.8,67,1.42,198,0.0,971.4,45.0
2025-05-31 07:00:00,29.7,62,1.94,198,0.0,971.9,95.0
2025-05-31 08:00:00,31.8,57,1.22,215,0.0,972.6,195.0
2025-05-31 09:00:00,34.0,46,1.0,252,0.0,972.8,485.0
2025-05-31 10:00:00,35.6,38,0.81,292,0.0,972.6,1125.0
2025-05-31 11:00:00,36.8,35,0.8,274,0.0,972.2,1545.0
2025-05-31 12:00:00,37.7,31,0.74,228,0.0,971.7,1955.0
2025-05-31 13:00:00,38.0,29,2.31,210,0.0,971.1,2600.0
2025-05-31 14:00:00,37.5,27,3.13,193,0.0,970.9,2295.0
2025-05-31 15:00:00,38.3,25,2.31,219,0.0,970.2,2895.0
2025-05-31 16:00:00,37.5,27,2.39,241,0.0,970.2,2765.0
2025-05-31 17:00:00,33.8,34,3.87,246,0.0,970.2,275.0
2025-05-31 18:00:00,27.4,68,2.86,265,1.0,971.4,90.0
2025-05-31 19:00:00,27.9,65,0.81,137,0.2,971.1,20.0
2025-05-31 20:00:00,28.3,56,2.66,74,0.0,971.0,70.0
2025-05-31 21:00:00,27.5,61,2.73,62,0.0,971.8,145.0
2025-05-31 22:00:00,27.0,65,1.4,94,0.0,972.2,100.0
2025-05-31 23:00:00,27.0,60,1.7,130,0.0,972.1,60.0
2025-06-01 00:00:00,26.8,64,1.38,167,0.0,971.7,70.0
2025-06-01 01:00:00,26.4,63,1.66,69,0.0,971.9,80.0
2025-06-01 02:00:00,26.0,64,2.2,181,0.0,971.4,70.0
2025-06-01 03:00:00,26.9,55,3.18,167,0.0,970.8,155.0
2025-06-01 04:00:00,26.3,56,3.07,192,0.0,971.3,230.0
2025-06-01 05:00:00,26.0,60,3.42,192,0.0,971.7,215.0
2025-06-01 06:00:00,28.5,57,3.36,217,0.0,972.4,330.0
2025-06-01 07:00:00,30.6,51,3.71,227,0.0,972.9,495.0
2025-06-01 08:00:00,32.5,49,3.73,244,0.0,973.4,905.0
2025-06-01 09:00:00,33.6,47,5.05,272,0.0,973.6,1420.0
2025-06-01 10:00:00,34.7,39,5.1,294,0.0,973.6,1410.0
2025-06-01 11:00:00,34.3,38,3.42,299,0.0,973.8,1265.0
2025-06-01 12:00:00,35.6,33,0.92,283,0.0,973.3,1440.0
2025-06-01 13:00:00,36.5,28,2.5,250,0.0,973.0,2115.0
2025-06-01 14:00:00,34.5,36,1.91,275,0.0,972.4,1225.0
2025-06-01 15:00:00,35.4,33,2.71,265,0.0,971.8,1380.0
2025-06-01 16:00:00,34.5,36,2.67,232,0.0,971.4,1420.0
2025-06-01 17:00:00,34.0,38,1.71,218,0.0,970.8,505.0
2025-06-01 18:00:00,24.6,84,3.47,223,3.3,972.3,115.0
2025-06-01 19:00:00,25.2,80,2.35,181,2.3,971.9,65.0
2025-06-01 20:00:00,25.7,75,3.14,158,0.0,971.6,105.0
2025-06-01 21:00:00,26.6,66,1.9,166,0.0,971.9,90.0
2025-06-01 22:00:00,27.1,66,1.34,153,0.0,971.6,50.0
2025-06-01 23:00:00,27.1,63,1.46,218,0.0,971.3,45.0
2025-06-02 00:00:00,26.7,63,1.57,243,0.0,970.8,50.0
2025-06-02 01:00:00,26.0,62,2.5,213,0.0,970.5,100.0
2025-06-02 02:00:00,25.3,62,3.13,219,0.0,970.2,130.0
2025-06-02 03:00:00,25.1,60,2.65,226,0.0,970.3,150.0
2025-06-02 04:00:00,24.6,65,1.22,251,0.0,970.7,115.0
2025-06-02 05:00:00,23.8,72,1.34,63,0.0,971.7,60.0
2025-06-02 06:00:00,27.4,66,0.76,352,0.0,972.8,45.0
2025-06-02 07:00:00,28.5,62,1.46,31,0.0,973.5,175.0
2025-06-02 08:00:00,29.9,56,1.26,72,0.0,973.8,395.0
2025-06-02 09:00:00,31.5,51,1.14,128,0.0,973.8,640.0
2025-06-02 10:00:00,33.0,47,0.63,162,0.0,973.9,1115.0
2025-06-02 11:00:00,34.4,42,0.54,202,0.0,973.4,1475.0
2025-06-02 12:00:00,35.4,38,1.45,243,0.0,972.6,1890.0
2025-06-02 13:00:00,35.7,35,2.61,234,0.0,971.9,1990.0
2025-06-02 14:00:00,35.9,34,2.42,240,0.0,971.5,2170.0
2025-06-02 15:00:00,35.8,33,0.46,193,0.0,971.1,2335.0
2025-06-02 16:00:00,35.7,32,0.4,240,0.0,970.9,2480.0
2025-06-02 17:00:00,34.5,34,1.55,90,0.0,970.8,540.0
2025-06-02 18:00:00,31.4,46,2.65,273,0.0,971.8,415.0
2025-06-02 19:00:00,30.5,50,1.93,253,0.0,972.4,305.0
2025-06-02 20:00:00,29.4,50,2.5,250,0.0,973.1,265.0
2025-06-02 21:00:00,28.5,49,3.03,257,0.0,974.0,270.0
2025-06-02 22:00:00,27.9,52,1.61,234,0.0,973.8,135.0
2025-06-02 23:00:00,27.9,52,0.63,209,0.0,973.5,30.0
2025-06-03 00:00:00,26.8,64,0.84,343,0.0,973.4,65.0
2025-06-03 01:00:00,26.9,65,0.18,124,0.0,972.6,15.0
2025-06-03 02:00:00,26.3,64,0.72,192,0.0,971.9,40.0
2025-06-03 03:00:00,26.0,54,2.6,210,0.0,971.9,120.0
2025-06-03 04:00:00,25.4,55,2.78,203,0.0,972.4,180.0
2025-06-03 05:00:00,24.7,61,2.28,206,0.0,973.2,140.0
2025-06-03 06:00:00,26.3,61,2.28,38,0.0,974.7,250.0
2025-06-03 07:00:00,27.1,58,1.83,26,0.0,975.0,290.0
2025-06-03 08:00:00,29.2,50,1.64,59,0.0,975.2,495.0
2025-06-03 09:00:00,31.0,43,0.87,103,0.0,975.5,795.0
2025-06-03 10:00:00,32.4,39,0.67,193,0.0,975.4,1180.0
2025-06-03 11:00:00,33.6,36,1.9,240,0.0,975.4,1440.0
2025-06-03 12:00:00,33.4,35,3.37,258,0.0,975.1,1670.0
2025-06-03 13:00:00,33.5,36,3.58,263,0.0,974.5,1545.0
2025-06-03 14:00:00,33.7,36,3.1,271,0.0,973.9,1605.0
2025-06-03 15:00:00,33.0,38,2.26,275,0.0,973.5,1520.0
2025-06-03 16:00:00,32.8,39,1.15,268,0.0,973.3,1535.0
2025-06-03 17:00:00,33.2,37,1.03,241,0.0,973.1,1715.0
2025-06-03 18:00:00,30.2,46,1.89,328,0.0,973.8,585.0
2025-06-03 19:00:00,28.8,54,1.44,346,0.0,974.5,220.0
2025-06-03 20:00:00,28.4,60,1.23,12,0.0,975.1,195.0
2025-06-03 21:00:00,27.9,64,1.01,81,0.0,976.0,85.0
2025-06-03 22:00:00,27.0,62,1.97,153,0.0,976.8,95.0
2025-06-03 23:00:00,25.7,65,2.51,136,0.0,976.6,150.0
2025-06-04 00:00:00,25.0,70,2.34,146,0.0,976.1,160.0
2025-06-04 01:00:00,24.3,76,2.12,161,0.0,975.3,135.0
2025-06-04 02:00:00,24.1,77,2.07,160,0.0,974.8,135.0
2025-06-04 03:00:00,23.8,80,1.3,182,0.0,974.9,90.0
2025-06-04 04:00:00,23.8,80,1.37,190,0.0,975.0,80.0
2025-06-04 05:00:00,23.5,81,0.96,264,0.0,975.8,55.0
2025-06-04 06:00:00,25.6,73,0.87,31,0.0,976.9,60.0
2025-06-04 07:00:00,26.2,71,1.38,71,0.0,977.6,175.0
2025-06-04 08:00:00,27.3,67,1.47,80,0.0,978.1,320.0
2025-06-04 09:00:00,27.9,64,1.3,94,0.0,978.6,425.0
2025-06-04 10:00:00,30.8,52,0.92,112,0.0,978.5,715.0
2025-06-04 11:00:00,32.6,46,1.35,112,0.0,977.9,925.0
2025-06-04 12:00:00,34.3,39,0.7,111,0.0,977.4,1475.0
2025-06-04 13:00:00,35.0,34,0.9,177,0.0,976.6,2100.0
2025-06-04 14:00:00,30.7,47,5.58,33,0.5,977.2,760.0
2025-06-04 15:00:00,28.3,56,1.75,149,0.1,976.4,145.0
2025-06-04 16:00:00,30.3,49,1.32,259,0.0,976.9,385.0
2025-06-04 17:00:00,30.2,49,1.67,221,0.0,976.1,315.0
2025-06-04 18:00:00,30.8,41,1.58,349,0.0,976.8,330.0
2025-06-04 19:00:00,29.3,46,1.75,360,0.0,977.1,225.0
2025-06-04 20:00:00,28.4,49,1.98,16,0.0,978.1,235.0
2025-06-04 21:00:00,26.9,61,1.39,26,0.0,979.1,225.0
2025-06-04 22:00:00,26.6,66,0.79,72,0.0,979.4,80.0
2025-06-04 23:00:00,26.0,70,1.06,98,0.0,979.1,75.0
2025-06-05 00:00:00,26.0,67,1.23,117,0.0,978.5,90.0
2025-06-05 01:00:00,25.2,71,1.35,88,0.0,978.3,90.0
2025-06-05 02:00:00,24.8,72,1.85,142,0.0,977.7,100.0
2025-06-05 03:00:00,24.3,74,1.64,142,0.0,978.0,95.0
2025-06-05 04:00:00,23.8,77,1.23,153,0.0,978.6,90.0
2025-06-05 05:00:00,23.3,81,1.14,218,0.0,979.5,70.0
2025-06-05 06:00:00,25.9,70,0.4,120,0.0,980.7,35.0
2025-06-05 07:00:00,27.3,64,1.0,233,0.0,981.5,100.0
2025-06-05 08:00:00,29.0,53,2.01,256,0.0,982.1,385.0
2025-06-05 09:00:00,30.6,45,1.1,273,0.0,982.2,695.0
2025-06-05 10:00:00,32.0,40,0.15,360,0.0,982.1,985.0
2025-06-05 11:00:00,33.2,37,0.63,119,0.0,981.5,1345.0
2025-06-05 12:00:00,34.3,35,0.78,153,0.0,980.9,1825.0
2025-06-05 13:00:00,35.0,33,1.06,188,0.0,980.1,2225.0
2025-06-05 14:00:00,35.5,30,1.5,206,0.0,979.1,2485.0
2025-06-05 15:00:00,35.7,29,1.98,201,0.0,978.6,2675.0
2025-06-05 16:00:00,35.7,27,1.89,217,0.0,978.1,2730.0
2025-06-05 17:00:00,35.2,28,0.87,257,0.0,977.9,2610.0
2025-06-05 18:00:00,32.1,36,2.68,233,0.0,978.5,385.0
2025-06-05 19:00:00,30.8,39,2.74,261,0.0,978.9,205.0
2025-06-05 20:00:00,29.7,47,1.62,279,0.0,979.5,105.0
2025-06-05 21:00:00,29.3,56,0.87,283,0.0,980.1,55.0
2025-06-05 22:00:00,28.4,59,0.39,230,0.0,980.6,25.0
2025-06-05 23:00:00,27.2,60,0.97,168,0.0,980.3,35.0
2025-06-06 00:00:00,26.7,61,1.35,176,0.0,979.7,40.0
2025-06-06 01:00:00,26.8,57,1.65,180,0.0,979.2,60.0
2025-06-06 02:00:00,26.6,58,1.85,178,0.0,979.0,80.0
2025-06-06 03:00:00,25.7,64,1.49,200,0.0,978.9,85.0
2025-06-06 04:00:00,25.3,62,1.57,211,0.0,979.0,80.0
2025-06-06 05:00:00,25.1,65,0.9,214,0.0,979.3,45.0
2025-06-06 06:00:00,27.6,64,1.33,340,0.0,980.2,45.0
2025-06-06 07:00:00,29.6,58,1.07,11,0.0,980.7,110.0
2025-06-06 08:00:00,31.8,45,0.43,36,0.0,981.0,390.0
2025-06-06 09:00:00,33.4,38,0.54,124,0.0,981.1,1080.0
2025-06-06 10:00:00,34.6,34,1.08,202,0.0,981.1,1820.0
2025-06-06 11:00:00,34.7,34,1.96,212,0.1,980.6,2000.0
2025-06-06 12:00:00,35.0,34,2.17,218,0.1,980.0,1895.0
2025-06-06 13:00:00,35.7,32,2.53,232,0.0,979.3,1955.0
2025-06-06 14:00:00,36.2,31,2.57,241,0.0,978.4,2185.0
2025-06-06 15:00:00,36.3,30,2.57,246,0.0,977.6,2065.0
2025-06-06 16:00:00,36.4,29,2.46,241,0.0,977.1,1970.0
2025-06-06 17:00:00,36.2,30,2.25,238,0.0,976.9,2140.0
2025-06-06 18:00:00,35.4,38,0.43,291,0.0,976.9,45.0
2025-06-06 19:00:00,33.4,38,1.46,82,0.0,977.4,285.0
2025-06-06 20:00:00,32.0,44,1.86,85,0.0,977.8,245.0
2025-06-06 21:00:00,30.5,55,1.09,106,0.0,978.3,135.0
2025-06-06 22:00:00,30.0,55,1.23,111,0.0,978.3,100.0
2025-06-06 23:00:00,29.3,57,1.18,126,0.0,978.0,90.0
2025-06-07 00:00:00,29.0,55,1.55,159,0.0,977.5,90.0
2025-06-07 01:00:00,28.4,56,2.25,177,0.0,977.4,95.0
2025-06-07 02:00:00,27.8,57,2.51,186,0.0,977.0,105.0
2025-06-07 03:00:00,27.5,57,2.63,189,0.0,976.9,120.0
2025-06-07 04:00:00,27.2,57,2.62,193,0.0,977.2,120.0
2025-06-07 05:00:00,27.0,57,2.53,195,0.0,977.6,120.0
2025-06-07 06:00:00,29.4,53,2.49,195,0.0,978.5,130.0
2025-06-07 07:00:00,31.1,50,1.84,202,0.0,979.3,180.0
2025-06-07 08:00:00,33.5,44,1.73,202,0.0,979.7,310.0
2025-06-07 09:00:00,36.0,34,2.13,210,0.0,979.8,1990.0
2025-06-07 10:00:00,37.4,28,1.6,212,0.0,979.4,2330.0
2025-06-07 11:00:00,38.3,27,1.72,216,0.0,979.0,2545.0
2025-06-07 12:00:00,39.2,25,2.87,221,0.0,978.4,2720.0
2025-06-07 13:00:00,40.0,24,3.7,232,0.0,977.6,2985.0
2025-06-07 14:00:00,39.6,24,0.74,242,0.0,976.6,2860.0
2025-06-07 15:00:00,39.3,24,1.6,88,0.0,975.8,2780.0
2025-06-07 16:00:00,39.3,25,1.81,76,0.0,975.4,2825.0
2025-06-07 17:00:00,38.4,27,1.71,83,0.0,975.1,2705.0
2025-06-07 18:00:00,36.6,33,2.8,92,0.0,975.7,445.0
2025-06-07 19:00:00,34.9,39,2.55,79,0.0,975.8,360.0
2025-06-07 20:00:00,34.0,41,2.23,99,0.0,975.7,230.0
2025-06-07 21:00:00,33.1,44,1.8,136,0.0,976.3,175.0
2025-06-07 22:00:00,32.3,47,1.39,154,0.0,976.3,110.0
2025-06-07 23:00:00,31.7,49,1.16,173,0.0,976.2,75.0
2025-06-08 00:00:00,30.9,51,2.26,193,0.0,975.8,95.0
2025-06-08 01:00:00,29.8,56,2.23,200,0.0,975.4,90.0
2025-06-08 02:00:00,29.3,56,2.37,205,0.0,975.3,90.0
2025-06-08 03:00:00,28.9,56,2.46,209,0.0,975.5,105.0
2025-06-08 04:00:00,28.7,56,2.48,208,0.0,975.8,110.0
2025-06-08 05:00:00,28.7,54,2.47,188,0.0,975.9,100.0
2025-06-08 06:00:00,30.4,53,2.62,206,0.0,977.4,155.0
2025-06-08 07:00:00,31.8,50,1.95,209,0.0,978.0,185.0
2025-06-08 08:00:00,34.1,45,1.05,175,0.0,978.3,260.0
2025-06-08 09:00:00,36.1,40,1.14,151,0.0,978.5,530.0
2025-06-08 10:00:00,37.9,35,1.49,194,0.0,978.2,1360.0
2025-06-08 11:00:00,39.5,29,1.71,232,0.0,977.7,2165.0
2025-06-08 12:00:00,40.7,26,2.07,255,0.0,976.8,2515.0
2025-06-08 13:00:00,41.6,23,2.76,266,0.0,975.6,2770.0
2025-06-08 14:00:00,42.1,22,3.39,279,0.0,974.8,2890.0
2025-06-08 15:00:00,42.1,21,3.68,282,0.0,974.1,2935.0
2025-06-08 16:00:00,41.5,22,3.99,282,0.0,973.7,2760.0
2025-06-08 17:00:00,40.4,24,4.08,289,0.0,973.5,2315.0
2025-06-08 18:00:00,40.1,23,3.15,280,0.0,973.5,445.0
2025-06-08 19:00:00,38.6,26,2.45,290,0.0,973.3,215.0
2025-06-08 20:00:00,36.8,31,1.4,356,0.0,973.9,135.0
2025-06-08 21:00:00,35.9,41,0.32,108,0.0,974.4,20.0
2025-06-08 22:00:00,34.5,41,1.1,183,0.0,974.2,40.0
2025-06-08 23:00:00,33.0,46,1.0,183,0.0,973.7,25.0
2025-06-09 00:00:00,31.8,50,0.87,193,0.0,973.4,20.0
2025-06-09 01:00:00,31.3,48,3.0,242,0.0,973.5,80.0
2025-06-09 02:00:00,30.6,45,2.29,259,0.0,973.5,85.0
2025-06-09 03:00:00,30.0,45,2.0,271,0.0,973.4,60.0
2025-06-09 04:00:00,29.1,49,1.2,272,0.0,973.7,40.0
2025-06-09 05:00:00,28.8,47,2.18,261,0.0,974.1,65.0
2025-06-09 06:00:00,31.1,49,2.09,291,0.0,975.5,80.0
2025-06-09 07:00:00,32.5,47,2.11,275,0.0,976.1,125.0
2025-06-09 08:00:00,34.7,40,2.1,269,0.0,976.4,190.0
2025-06-09 09:00:00,36.9,34,2.95,281,0.0,976.9,420.0
2025-06-09 10:00:00,38.9,28,3.18,286,0.0,976.9,925.0
2025-06-09 11:00:00,40.5,23,3.49,294,0.0,976.5,1405.0
2025-06-09 12:00:00,41.7,20,3.6,297,0.0,975.8,1905.0
2025-06-09 13:00:00,42.6,18,3.56,299,0.0,974.6,2330.0
2025-06-09 14:00:00,43.0,17,3.87,294,0.0,973.6,2635.0
2025-06-09 15:00:00,42.7,17,4.34,291,0.0,972.8,2540.0
2025-06-09 16:00:00,41.8,19,4.61,300,0.0,972.1,2150.0
2025-06-09 17:00:00,40.9,22,4.23,310,0.0,972.0,1960.0
2025-06-09 18:00:00,40.3,22,4.07,296,0.0,971.9,1155.0
2025-06-09 19:00:00,38.7,21,3.81,287,0.0,971.9,620.0
2025-06-09 20:00:00,38.0,19,3.6,297,0.0,972.0,400.0
2025-06-09 21:00:00,36.9,19,2.93,303,0.0,972.2,235.0
2025-06-09 22:00:00,35.8,22,2.46,299,0.0,972.1,140.0
2025-06-09 23:00:00,34.7,24,2.76,282,0.0,972.1,120.0
2025-06-10 00:00:00,32.8,27,2.96,265,0.0,972.0,105.0
2025-06-10 01:00:00,31.4,30,2.86,266,0.0,971.7,95.0
2025-06-10 02:00:00,30.6,30,2.82,263,0.0,971.6,95.0
2025-06-10 03:00:00,30.1,30,2.85,270,0.0,972.1,110.0
2025-06-10 04:00:00,29.6,30,2.95,272,0.0,972.7,125.0
2025-06-10 05:00:00,29.2,29,3.28,278,0.0,973.4,180.0
2025-06-10 06:00:00,31.0,31,2.75,299,0.0,974.7,170.0
2025-06-10 07:00:00,32.6,29,2.64,297,0.0,975.2,250.0
2025-06-10 08:00:00,34.9,25,2.82,293,0.0,975.7,525.0
2025-06-10 09:00:00,36.9,22,3.4,300,0.0,975.9,785.0
2025-06-10 10:00:00,38.7,21,3.65,303,0.0,975.9,990.0
2025-06-10 11:00:00,40.3,19,3.59,309,0.0,975.5,1390.0
2025-06-10 12:00:00,41.6,18,3.63,308,0.0,975.0,1995.0
2025-06-10 13:00:00,42.2,16,4.08,303,0.0,974.0,2295.0
2025-06-10 14:00:00,42.4,16,4.2,302,0.0,973.2,2405.0
2025-06-10 15:00:00,42.3,16,4.07,299,0.0,972.2,2390.0
2025-06-10 16:00:00,41.7,17,3.76,303,0.0,971.7,1890.0
2025-06-10 17:00:00,40.9,19,2.77,311,0.0,971.7,1125.0
2025-06-10 18:00:00,40.6,19,2.36,306,0.0,971.5,540.0
2025-06-10 19:00:00,38.7,21,1.72,324,0.0,971.8,265.0
2025-06-10 20:00:00,37.8,24,1.57,333,0.0,972.1,230.0
2025-06-10 21:00:00,36.6,30,0.14,225,0.0,972.6,15.0
2025-06-10 22:00:00,34.5,35,0.65,157,0.0,973.0,25.0
2025-06-10 23:00:00,33.5,37,0.99,135,0.0,972.8,35.0
2025-06-11 00:00:00,32.3,38,1.71,173,0.0,973.0,55.0
2025-06-11 01:00:00,30.8,46,0.96,171,0.0,972.6,30.0
2025-06-11 02:00:00,30.3,46,1.43,192,0.0,972.4,45.0
2025-06-11 03:00:00,29.4,49,1.18,192,0.0,972.2,40.0
2025-06-11 04:00:00,28.9,51,1.03,293,0.0,973.3,40.0
2025-06-11 05:00:00,29.0,50,0.36,254,0.0,974.0,20.0
2025-06-11 06:00:00,31.9,31,3.88,277,0.0,974.4,260.0
2025-06-11 07:00:00,33.4,30,3.44,283,0.0,975.1,490.0
2025-06-11 08:00:00,35.2,28,3.29,294,0.0,975.4,600.0
2025-06-11 09:00:00,37.4,26,3.18,314,0.0,975.9,775.0
2025-06-11 10:00:00,39.4,24,2.82,330,0.0,975.8,1110.0
2025-06-11 11:00:00,40.9,22,2.77,326,0.0,975.5,1390.0
2025-06-11 12:00:00,42.0,21,2.58,324,0.0,974.9,1825.0
2025-06-11 13:00:00,42.7,20,2.69,317,0.0,974.1,2045.0
2025-06-11 14:00:00,43.1,19,2.84,304,0.0,973.0,2440.0
2025-06-11 15:00:00,43.1,19,3.05,302,0.0,972.1,2645.0
2025-06-11 16:00:00,42.5,20,3.03,308,0.0,971.7,2380.0
2025-06-11 17:00:00,41.5,22,2.67,330,0.0,971.7,1955.0
2025-06-11 18:00:00,40.6,23,1.12,339,0.0,972.5,115.0
2025-06-11 19:00:00,38.3,30,3.11,94,0.0,972.8,305.0
2025-06-11 20:00:00,36.0,48,3.4,92,0.0,973.0,415.0
2025-06-11 21:00:00,35.3,53,3.05,91,0.0,973.6,420.0
2025-06-11 22:00:00,34.2,57,2.52,97,0.0,974.0,305.0
2025-06-11 23:00:00,33.4,61,2.17,142,0.0,974.0,265.0
2025-06-12 00:00:00,32.7,63,2.16,132,0.0,973.7,225.0
2025-06-12 01:00:00,32.2,64,1.98,131,0.0,973.4,245.0
2025-06-12 02:00:00,31.7,65,2.19,133,0.0,973.5,220.0
2025-06-12 03:00:00,31.2,66,2.48,115,0.0,973.6,210.0
2025-06-12 04:00:00,30.8,67,2.37,118,0.0,974.0,215.0
2025-06-12 05:00:00,30.4,68,2.44,116,0.0,974.4,215.0
2025-06-12 06:00:00,31.6,65,2.05,135,0.0,974.4,210.0
2025-06-12 07:00:00,32.9,58,1.77,140,0.0,974.8,255.0
2025-06-12 08:00:00,34.8,50,1.92,141,0.0,975.3,370.0
2025-06-12 09:00:00,36.8,43,1.83,125,0.0,975.4,560.0
2025-06-12 10:00:00,38.7,38,2.44,121,0.0,975.5,1050.0
2025-06-12 11:00:00,40.0,36,2.6,120,0.0,975.2,1695.0
2025-06-12 12:00:00,40.7,35,2.38,129,0.0,974.5,2070.0
2025-06-12 13:00:00,41.1,32,1.6,148,0.1,973.7,2350.0
2025-06-12 14:00:00,41.8,28,1.15,146,0.0,972.5,2515.0
2025-06-12 15:00:00,42.2,27,1.1,133,0.0,971.6,2795.0
2025-06-12 16:00:00,41.4,28,2.53,105,0.0,971.6,2775.0
2025-06-12 17:00:00,38.3,40,2.53,75,0.2,972.1,710.0
2025-06-12 18:00:00,39.6,30,2.89,99,0.0,972.4,1170.0
2025-06-12 19:00:00,37.8,39,3.44,99,0.0,972.9,655.0
2025-06-12 20:00:00,36.7,43,2.83,98,0.0,973.2,345.0
2025-06-12 21:00:00,35.8,46,3.03,103,0.0,973.6,375.0
2025-06-12 22:00:00,34.9,49,3.01,95,0.0,973.8,335.0
2025-06-12 23:00:00,34.2,52,2.85,101,0.0,974.0,275.0
2025-06-13 00:00:00,33.3,53,3.25,104,0.0,973.9,345.0
2025-06-13 01:00:00,32.6,55,2.8,114,0.0,974.0,315.0
2025-06-13 02:00:00,32.0,57,2.8,117,0.0,974.2,305.0
2025-06-13 03:00:00,31.4,58,2.56,121,0.0,974.2,295.0
2025-06-13 04:00:00,31.0,60,2.48,115,0.0,974.6,280.0
2025-06-13 05:00:00,30.7,62,2.8,106,0.0,975.1,270.0
2025-06-13 06:00:00,32.7,62,2.33,121,0.0,974.9,335.0
2025-06-13 07:00:00,33.8,58,2.58,134,0.0,975.2,450.0
2025-06-13 08:00:00,35.4,50,2.93,143,0.0,975.4,555.0
2025-06-13 09:00:00,37.1,44,2.77,141,0.0,976.0,710.0
2025-06-13 10:00:00,38.8,38,2.82,123,0.0,976.4,1220.0
2025-06-13 11:00:00,40.1,34,2.99,128,0.0,976.0,2055.0
2025-06-13 12:00:00,40.6,34,2.32,123,0.0,975.2,2385.0
2025-06-13 13:00:00,38.4,44,3.15,134,0.2,974.7,1450.0
2025-06-13 14:00:00,39.2,42,1.17,130,0.0,973.8,1840.0
2025-06-13 15:00:00,39.5,41,2.12,117,0.0,972.6,2020.0
2025-06-13 16:00:00,39.3,41,2.31,120,0.0,972.5,1865.0
2025-06-13 17:00:00,38.9,42,2.6,113,0.0,972.3,1890.0
2025-06-13 18:00:00,36.1,47,3.67,105,0.0,973.7,895.0
2025-06-13 19:00:00,35.0,51,3.35,104,0.0,973.6,645.0
2025-06-13 20:00:00,34.3,55,2.95,90,0.0,974.0,500.0
2025-06-13 21:00:00,33.5,59,2.72,97,0.0,974.4,410.0
2025-06-13 22:00:00,32.9,62,2.53,99,0.0,974.3,355.0
2025-06-13 23:00:00,32.2,64,2.53,108,0.0,974.0,275.0
2025-06-14 00:00:00,31.7,65,2.71,113,0.0,973.8,275.0
2025-06-14 01:00:00,31.4,65,2.84,118,0.0,973.4,290.0
2025-06-14 02:00:00,31.0,66,2.37,118,0.0,973.3,260.0
2025-06-14 03:00:00,30.7,67,1.97,117,0.0,973.4,225.0
2025-06-14 04:00:00,30.4,68,2.04,126,0.0,973.7,240.0
2025-06-14 05:00:00,30.0,70,1.84,112,0.0,973.9,215.0
2025-06-14 06:00:00,31.0,66,1.86,84,0.0,974.7,220.0
2025-06-14 07:00:00,32.2,62,1.8,90,0.0,974.9,290.0
2025-06-14 08:00:00,34.1,56,1.9,93,0.0,975.2,475.0
2025-06-14 09:00:00,36.0,50,1.94,102,0.0,975.3,790.0
2025-06-14 10:00:00,37.7,44,1.7,114,0.0,974.7,1405.0
2025-06-14 11:00:00,39.2,39,1.49,130,0.0,974.2,1735.0
2025-06-14 12:00:00,40.3,35,1.23,153,0.0,973.2,2145.0
2025-06-14 13:00:00,41.0,32,1.12,190,0.0,972.3,2375.0
2025-06-14 14:00:00,41.4,30,1.39,210,0.0,971.4,2635.0
2025-06-14 15:00:00,41.8,28,1.67,229,0.0,970.2,2890.0
2025-06-14 16:00:00,42.0,26,1.46,276,0.0,969.5,2940.0
2025-06-14 17:00:00,39.0,37,3.51,20,0.0,969.6,805.0
2025-06-14 18:00:00,38.7,31,2.53,128,0.0,969.3,480.0
2025-06-14 19:00:00,37.1,37,2.66,94,0.0,969.8,410.0
2025-06-14 20:00:00,36.2,40,1.86,114,0.0,970.7,300.0
2025-06-14 21:00:00,35.4,43,2.53,120,0.0,971.3,255.0
2025-06-14 22:00:00,34.4,48,2.55,140,0.0,971.9,220.0
2025-06-14 23:00:00,33.8,49,2.88,154,0.0,971.9,220.0
2025-06-15 00:00:00,33.1,50,2.72,163,0.0,971.5,195.0
2025-06-15 01:00:00,32.4,52,2.4,149,0.0,971.4,180.0
2025-06-15 02:00:00,31.7,55,2.09,147,0.0,971.2,175.0
2025-06-15 03:00:00,31.2,57,1.87,136,0.0,971.4,160.0
2025-06-15 04:00:00,31.0,58,1.27,132,0.0,971.6,115.0
2025-06-15 05:00:00,30.8,58,1.91,110,0.0,971.8,125.0
2025-06-15 06:00:00,28.7,75,3.75,121,1.1,972.0,145.0
2025-06-15 07:00:00,29.4,68,4.3,157,1.3,973.0,350.0
2025-06-15 08:00:00,29.9,64,2.01,184,0.6,972.4,95.0
2025-06-15 09:00:00,32.2,58,1.46,149,0.3,972.7,210.0
2025-06-15 10:00:00,35.0,46,2.76,78,0.0,973.2,525.0
2025-06-15 11:00:00,33.9,54,4.18,69,0.0,972.7,850.0
2025-06-15 12:00:00,34.9,53,3.49,81,0.0,971.9,770.0
2025-06-15 13:00:00,36.5,47,3.11,101,0.0,971.1,975.0
2025-06-15 14:00:00,36.9,46,2.82,115,0.0,970.5,1200.0
2025-06-15 15:00:00,36.9,46,2.14,123,0.0,969.9,1405.0
2025-06-15 16:00:00,36.7,47,1.9,108,0.0,969.2,1345.0
2025-06-15 17:00:00,36.6,48,1.71,128,0.0,968.9,1435.0
2025-06-15 18:00:00,33.2,60,2.0,158,0.0,969.6,720.0
2025-06-15 19:00:00,32.3,66,1.23,159,0.0,970.4,585.0
2025-06-15 20:00:00,32.0,71,0.65,90,0.0,971.1,65.0
2025-06-15 21:00:00,31.7,72,1.07,53,0.0,972.2,95.0
2025-06-15 22:00:00,31.6,70,1.36,82,0.0,972.7,160.0
2025-06-15 23:00:00,31.2,71,1.61,97,0.0,972.6,190.0
2025-06-16 00:00:00,30.8,72,1.51,84,0.0,972.3,175.0
2025-06-16 01:00:00,30.3,74,1.87,70,0.0,971.8,185.0
2025-06-16 02:00:00,29.6,79,1.79,54,0.0,970.9,185.0
2025-06-16 03:00:00,29.1,83,2.0,68,0.0,971.5,195.0
2025-06-16 04:00:00,28.3,84,5.47,110,0.9,972.5,590.0
2025-06-16 05:00:00,25.3,92,3.96,133,1.1,972.9,360.0
2025-06-16 06:00:00,24.9,94,1.14,67,11.0,974.6,105.0
2025-06-16 07:00:00,25.4,97,1.67,139,2.0,973.1,110.0
2025-06-16 08:00:00,26.5,93,0.87,77,0.8,973.6,155.0
2025-06-16 09:00:00,27.5,89,1.19,105,0.6,973.9,240.0
2025-06-16 10:00:00,27.7,89,1.64,59,0.0,973.5,305.0
2025-06-16 11:00:00,29.5,80,2.07,82,0.0,973.5,520.0
2025-06-16 12:00:00,30.8,75,1.83,64,0.0,972.8,655.0
2025-06-16 13:00:00,31.9,70,2.28,75,0.0,972.0,840.0
2025-06-16 14:00:00,32.1,67,2.05,77,0.0,971.5,915.0
2025-06-16 15:00:00,32.2,67,1.29,77,0.0,970.9,980.0
2025-06-16 16:00:00,32.2,67,1.9,60,0.0,969.8,865.0
2025-06-16 17:00:00,31.8,71,1.42,51,0.0,969.6,655.0
2025-06-16 18:00:00,31.5,73,0.27,68,0.0,970.5,45.0
2025-06-16 19:00:00,30.5,79,0.75,360,0.0,971.1,45.0
2025-06-16 20:00:00,30.1,79,1.72,30,0.0,971.9,165.0
2025-06-16 21:00:00,29.8,79,1.8,44,0.0,972.5,155.0
2025-06-16 22:00:00,27.4,88,1.3,152,5.0,973.7,45.0
2025-06-16 23:00:00,27.1,95,1.53,38,0.6,973.4,80.0
2025-06-17 00:00:00,26.5,95,2.07,238,3.4,973.8,100.0
2025-06-17 01:00:00,26.0,95,2.62,103,0.8,972.6,275.0
2025-06-17 02:00:00,25.8,95,2.1,87,1.5,972.1,195.0
2025-06-17 03:00:00,25.9,93,2.37,97,0.4,972.1,195.0
2025-06-17 04:00:00,25.6,94,1.47,55,4.3,972.4,270.0
2025-06-17 05:00:00,24.9,95,3.06,84,4.5,973.5,480.0
2025-06-17 06:00:00,26.1,93,0.82,52,0.1,973.3,70.0
2025-06-17 07:00:00,26.7,92,1.47,35,0.8,973.4,145.0
2025-06-17 08:00:00,27.2,91,1.43,25,0.2,973.9,165.0
2025-06-17 09:00:00,29.2,82,1.77,29,0.0,973.8,330.0
2025-06-17 10:00:00,30.9,75,1.74,49,0.0,974.0,515.0
2025-06-17 11:00:00,32.1,71,2.01,63,0.0,973.8,825.0
2025-06-17 12:00:00,33.0,68,1.82,58,0.0,973.1,1090.0
2025-06-17 13:00:00,33.4,66,1.81,62,0.0,972.5,1250.0
2025-06-17 14:00:00,33.5,65,1.83,55,0.0,971.6,1185.0
2025-06-17 15:00:00,33.8,64,1.77,50,0.0,970.5,1195.0
2025-06-17 16:00:00,33.4,65,1.86,54,0.0,970.1,1115.0
2025-06-17 17:00:00,33.0,67,1.53,58,0.0,970.3,950.0
2025-06-17 18:00:00,30.6,73,1.19,158,0.0,971.6,310.0
2025-06-17 19:00:00,29.6,76,1.95,193,0.0,972.0,250.0
2025-06-17 20:00:00,28.3,82,2.74,201,0.2,973.2,300.0
2025-06-17 21:00:00,27.7,83,2.39,209,0.4,974.2,255.0
2025-06-17 22:00:00,26.9,84,1.56,220,0.7,974.2,145.0
2025-06-17 23:00:00,26.0,90,0.99,240,1.2,973.9,80.0
2025-06-18 00:00:00,25.6,90,1.24,223,0.9,973.3,55.0
2025-06-18 01:00:00,25.1,95,0.55,85,0.7,972.9,30.0
2025-06-18 02:00:00,24.8,96,1.91,70,2.3,972.9,90.0
2025-06-18 03:00:00,24.3,95,1.78,80,1.2,972.4,125.0
2025-06-18 04:00:00,23.8,96,2.5,37,0.8,972.7,145.0
2025-06-18 05:00:00,23.7,96,1.99,65,0.8,972.8,130.0
2025-06-18 06:00:00,25.5,93,1.29,103,0.0,972.3,185.0
2025-06-18 07:00:00,26.0,91,2.17,128,0.0,972.7,255.0
2025-06-18 08:00:00,27.2,85,1.72,154,0.0,972.9,275.0
2025-06-18 09:00:00,28.8,79,1.31,162,0.0,973.1,415.0
2025-06-18 10:00:00,30.3,74,0.85,140,0.0,972.6,705.0
2025-06-18 11:00:00,31.4,69,1.06,135,0.0,972.3,980.0
2025-06-18 12:00:00,32.2,65,1.03,133,0.0,971.6,1080.0
2025-06-18 13:00:00,32.9,62,1.0,127,0.0,970.7,1260.0
2025-06-18 14:00:00,33.2,59,1.18,126,0.0,970.0,1360.0
2025-06-18 15:00:00,33.3,55,1.32,127,0.0,969.3,1340.0
2025-06-18 16:00:00,33.1,54,1.31,130,0.0,968.6,1205.0
2025-06-18 17:00:00,32.5,58,1.47,145,0.0,968.6,430.0
2025-06-18 18:00:00,31.0,73,1.64,128,0.0,969.7,280.0
2025-06-18 19:00:00,29.8,76,1.88,155,0.0,970.1,210.0
2025-06-18 20:00:00,29.3,78,1.71,165,0.0,970.5,170.0
2025-06-18 21:00:00,29.0,80,1.62,158,0.0,971.0,130.0
2025-06-18 22:00:00,28.7,82,1.34,135,0.0,971.2,95.0
2025-06-18 23:00:00,28.5,83,1.51,124,0.0,970.8,95.0
2025-06-19 00:00:00,28.2,84,1.52,134,0.0,970.1,110.0
2025-06-19 01:00:00,27.8,86,1.7,130,0.0,969.8,145.0
2025-06-19 02:00:00,27.5,88,1.1,95,0.1,969.4,80.0
2025-06-19 03:00:00,27.3,88,1.69,102,0.0,969.2,105.0
2025-06-19 04:00:00,27.2,87,2.09,130,0.0,969.5,200.0
2025-06-19 05:00:00,27.0,86,2.62,140,0.0,969.8,285.0
2025-06-19 06:00:00,26.9,88,1.53,142,0.0,970.0,240.0
2025-06-19 07:00:00,27.9,84,0.92,135,0.0,970.5,265.0
2025-06-19 08:00:00,29.2,78,1.22,125,0.0,971.0,445.0
2025-06-19 09:00:00,30.4,74,1.66,115,0.0,971.4,715.0
2025-06-19 10:00:00,30.7,74,2.21,108,0.0,971.2,915.0
2025-06-19 11:00:00,31.1,71,2.32,109,0.1,970.9,1035.0
2025-06-19 12:00:00,31.7,68,2.78,108,0.0,970.6,990.0
2025-06-19 13:00:00,32.1,64,3.03,112,0.0,970.2,1040.0
2025-06-19 14:00:00,32.6,62,3.1,128,0.0,969.6,1155.0
2025-06-19 15:00:00,32.5,61,2.94,125,0.0,969.0,1185.0
2025-06-19 16:00:00,32.2,63,2.71,118,0.0,968.3,1045.0
2025-06-19 17:00:00,31.5,66,3.0,123,0.0,968.6,890.0
2025-06-19 18:00:00,30.9,70,1.74,131,0.0,969.2,375.0
2025-06-19 19:00:00,29.9,75,1.78,142,0.0,969.9,200.0
2025-06-19 20:00:00,29.3,79,1.3,148,0.0,969.9,105.0
2025-06-19 21:00:00,28.8,82,1.56,132,0.0,970.8,215.0
2025-06-19 22:00:00,28.2,85,1.53,128,0.0,971.4,195.0
2025-06-19 23:00:00,27.8,87,1.48,135,0.0,971.5,200.0
2025-06-20 00:00:00,27.4,88,1.69,124,0.0,971.5,190.0
2025-06-20 01:00:00,27.2,89,2.14,127,0.0,971.8,265.0
2025-06-20 02:00:00,26.8,91,1.97,120,0.0,970.9,240.0
2025-06-20 03:00:00,25.7,94,4.49,135,2.2,972.0,410.0
2025-06-20 04:00:00,24.9,96,2.58,133,0.1,971.9,265.0
2025-06-20 05:00:00,25.0,96,2.38,100,0.0,971.9,260.0
2025-06-20 06:00:00,26.9,94,1.56,96,0.0,972.0,205.0
2025-06-20 07:00:00,27.8,90,1.61,97,0.0,972.7,300.0
2025-06-20 08:00:00,28.8,84,2.62,103,0.0,973.3,490.0
2025-06-20 09:00:00,29.5,80,3.08,110,0.1,973.7,670.0
2025-06-20 10:00:00,30.0,78,3.23,109,0.1,973.4,640.0
2025-06-20 11:00:00,30.9,76,2.73,104,0.1,973.2,845.0
2025-06-20 12:00:00,31.5,72,3.2,92,0.1,973.0,1035.0
2025-06-20 13:00:00,30.1,77,3.1,93,1.0,972.4,640.0
2025-06-20 14:00:00,30.4,75,2.95,93,0.0,971.9,710.0
2025-06-20 15:00:00,30.8,73,2.53,99,0.0,971.3,800.0
2025-06-20 16:00:00,30.8,73,2.29,101,0.0,971.2,735.0
2025-06-20 17:00:00,30.5,74,2.5,102,0.0,971.2,765.0
2025-06-20 18:00:00,29.6,81,2.02,136,0.0,972.1,520.0
2025-06-20 19:00:00,28.6,85,1.64,128,0.0,972.6,425.0
2025-06-20 20:00:00,28.1,88,1.5,116,0.0,973.1,225.0
2025-06-20 21:00:00,27.8,90,1.95,113,0.0,973.8,255.0
2025-06-20 22:00:00,27.6,92,2.06,116,0.0,974.1,265.0
2025-06-20 23:00:00,27.3,92,2.2,120,0.0,974.2,335.0
2025-06-21 00:00:00,27.1,93,1.97,114,0.0,973.9,295.0
2025-06-21 01:00:00,26.9,94,2.17,116,0.0,973.5,280.0
2025-06-21 02:00:00,26.7,94,2.08,120,0.0,973.2,280.0
2025-06-21 03:00:00,26.4,95,1.66,119,0.0,973.0,225.0
2025-06-21 04:00:00,26.2,95,1.37,114,0.0,973.3,175.0
2025-06-21 05:00:00,26.0,95,1.05,121,0.0,973.8,130.0
2025-06-21 06:00:00,26.4,96,1.4,125,0.6,974.7,120.0
2025-06-21 07:00:00,27.6,93,0.79,108,0.1,975.0,130.0
2025-06-21 08:00:00,29.3,83,1.74,117,0.0,975.0,455.0
2025-06-21 09:00:00,30.6,73,2.23,124,0.0,975.1,645.0
2025-06-21 10:00:00,31.9,66,2.25,127,0.0,974.7,850.0
2025-06-21 11:00:00,32.9,64,2.2,129,0.0,974.2,1030.0
2025-06-21 12:00:00,33.6,60,2.02,136,0.0,973.4,1085.0
2025-06-21 13:00:00,34.0,59,1.73,147,0.1,972.7,1130.0
2025-06-21 14:00:00,34.3,60,1.52,139,0.0,971.8,1125.0
2025-06-21 15:00:00,34.6,59,1.2,132,0.0,971.3,1200.0
2025-06-21 16:00:00,34.4,59,0.85,140,0.0,971.0,1215.0
2025-06-21 17:00:00,34.1,61,0.54,146,0.0,970.8,1165.0
2025-06-21 18:00:00,31.5,73,0.6,175,0.0,971.5,75.0
2025-06-21 19:00:00,30.6,82,0.92,131,0.0,972.1,70.0
2025-06-21 20:00:00,30.4,80,1.61,154,0.0,972.4,150.0
2025-06-21 21:00:00,29.8,82,1.35,149,0.0,972.8,135.0
2025-06-21 22:00:00,29.6,84,0.92,103,0.0,973.3,70.0
2025-06-21 23:00:00,29.3,84,1.32,99,0.0,973.3,80.0
2025-06-22 00:00:00,29.0,85,1.86,117,0.0,973.1,115.0
2025-06-22 01:00:00,28.6,86,1.63,140,0.0,972.6,110.0
2025-06-22 02:00:00,28.3,87,1.57,153,0.0,971.8,100.0
2025-06-22 03:00:00,28.2,86,1.89,168,0.0,972.0,125.0
2025-06-22 04:00:00,28.0,86,1.7,177,0.0,972.4,130.0
2025-06-22 05:00:00,27.6,88,1.16,173,0.0,972.7,85.0
2025-06-22 06:00:00,29.2,85,1.61,216,0.0,973.3,115.0
2025-06-22 07:00:00,30.0,82,0.52,107,0.0,973.5,125.0
2025-06-22 08:00:00,31.4,75,0.54,202,0.0,974.2,570.0
2025-06-22 09:00:00,32.4,66,1.0,183,0.1,974.3,950.0
2025-06-22 10:00:00,33.3,63,1.19,158,0.0,974.4,1165.0
2025-06-22 11:00:00,33.7,62,1.06,131,0.0,974.0,1170.0
2025-06-22 12:00:00,33.0,61,2.64,100,0.7,973.3,775.0
2025-06-22 13:00:00,31.6,71,1.5,69,0.4,972.5,415.0
2025-06-22 14:00:00,32.3,69,2.02,70,0.0,971.5,530.0
2025-06-22 15:00:00,33.6,64,1.32,53,0.0,970.7,880.0
2025-06-22 16:00:00,33.4,64,1.46,106,0.0,970.4,860.0
2025-06-22 17:00:00,33.0,65,1.46,106,0.0,970.1,765.0
2025-06-22 18:00:00,31.6,72,2.25,86,0.0,970.7,505.0
2025-06-22 19:00:00,30.4,77,1.86,96,0.0,971.1,305.0
2025-06-22 20:00:00,29.8,80,1.7,130,0.0,971.6,215.0
2025-06-22 21:00:00,29.3,81,1.88,138,0.0,972.2,195.0
2025-06-22 22:00:00,29.0,83,1.48,135,0.0,972.4,140.0
2025-06-22 23:00:00,28.7,85,1.66,147,0.0,972.4,125.0
2025-06-23 00:00:00,28.5,86,1.94,134,0.0,972.1,165.0
2025-06-23 01:00:00,28.3,87,1.91,135,0.0,971.7,175.0
2025-06-23 02:00:00,28.0,88,1.49,140,0.0,971.2,155.0
2025-06-23 03:00:00,27.7,90,1.46,149,0.0,971.3,115.0
2025-06-23 04:00:00,27.5,92,0.85,152,0.0,971.6,75.0
2025-06-23 05:00:00,27.5,92,0.79,125,0.0,971.5,55.0
2025-06-23 06:00:00,29.1,90,2.06,141,0.0,971.3,200.0
2025-06-23 07:00:00,29.2,84,1.6,178,0.0,971.6,225.0
2025-06-23 08:00:00,30.4,78,1.14,151,0.0,971.9,300.0
2025-06-23 09:00:00,31.7,73,0.54,158,0.0,972.4,585.0
2025-06-23 10:00:00,32.9,65,0.25,37,0.0,972.3,1005.0
2025-06-23 11:00:00,33.6,61,1.6,51,0.1,971.7,1195.0
2025-06-23 12:00:00,34.1,61,1.79,67,0.0,970.6,1295.0
2025-06-23 13:00:00,34.6,59,1.62,56,0.0,969.5,1370.0
2025-06-23 14:00:00,34.6,59,1.56,48,0.0,968.7,1310.0
2025-06-23 15:00:00,34.7,57,1.74,49,0.0,967.7,1300.0
2025-06-23 16:00:00,34.3,59,2.08,55,0.0,967.1,1230.0
2025-06-23 17:00:00,33.6,62,2.35,92,0.0,966.8,1005.0
2025-06-23 18:00:00,31.3,76,1.57,163,0.0,968.8,645.0
2025-06-23 19:00:00,30.5,82,0.93,126,0.0,969.0,270.0
2025-06-23 20:00:00,30.1,83,1.19,118,0.0,969.5,150.0
2025-06-23 21:00:00,29.6,84,1.57,117,0.0,970.5,180.0
2025-06-23 22:00:00,29.1,86,1.93,121,0.0,970.7,230.0
2025-06-23 23:00:00,28.6,87,2.05,135,0.0,970.7,250.0
2025-06-24 00:00:00,28.2,89,1.71,128,0.0,970.7,210.0
2025-06-24 01:00:00,27.9,90,1.79,117,0.0,970.1,175.0
2025-06-24 02:00:00,27.7,92,2.12,124,0.0,969.6,195.0
2025-06-24 03:00:00,27.4,93,2.22,126,0.0,969.2,215.0
2025-06-24 04:00:00,27.1,93,1.77,133,0.0,969.4,225.0
2025-06-24 05:00:00,26.9,94,1.71,142,0.0,970.3,250.0
2025-06-24 06:00:00,27.4,93,1.56,83,0.0,970.2,120.0
2025-06-24 07:00:00,28.2,88,1.21,97,0.0,970.7,190.0
2025-06-24 08:00:00,29.6,82,1.36,118,0.0,971.0,320.0
2025-06-24 09:00:00,31.0,77,1.48,135,0.2,971.5,535.0
2025-06-24 10:00:00,31.9,73,1.43,151,0.3,971.3,725.0
2025-06-24 11:00:00,32.9,69,0.98,156,0.0,971.0,945.0
2025-06-24 12:00:00,34.0,64,0.84,163,0.0,970.3,1210.0
2025-06-24 13:00:00,34.8,61,0.56,153,0.0,969.4,1515.0
2025-06-24 14:00:00,35.0,59,0.42,135,0.1,968.6,1390.0
2025-06-24 15:00:00,35.0,58,0.42,45,0.1,967.8,1385.0
2025-06-24 16:00:00,35.1,57,0.88,47,0.0,967.2,1390.0
2025-06-24 17:00:00,34.9,58,0.91,81,0.0,967.0,1490.0
2025-06-24 18:00:00,30.4,84,1.09,74,0.0,968.4,170.0
2025-06-24 19:00:00,30.2,86,1.01,110,0.0,969.1,135.0
2025-06-24 20:00:00,30.1,85,1.59,118,0.0,969.5,215.0
2025-06-24 21:00:00,30.0,84,1.38,136,0.0,970.3,160.0
2025-06-24 22:00:00,30.0,81,2.06,131,0.0,970.8,205.0
2025-06-24 23:00:00,29.7,80,2.04,118,0.0,971.0,210.0
2025-06-25 00:00:00,29.5,82,2.27,112,0.0,971.0,255.0
2025-06-25 01:00:00,29.3,82,2.64,115,0.0,970.9,355.0
2025-06-25 02:00:00,28.8,82,3.18,136,1.6,970.7,485.0
2025-06-25 03:00:00,26.4,96,2.53,232,6.6,971.6,260.0
2025-06-25 04:00:00,26.1,97,2.23,34,1.2,971.3,100.0
2025-06-25 05:00:00,26.3,97,1.4,90,0.1,971.5,90.0
2025-06-25 06:00:00,27.2,97,1.35,88,0.3,971.9,95.0
2025-06-25 07:00:00,27.9,95,2.26,85,0.1,972.5,200.0
2025-06-25 08:00:00,28.5,91,2.89,99,0.1,973.9,415.0
2025-06-25 09:00:00,28.4,89,3.0,93,0.1,974.1,395.0
2025-06-25 10:00:00,28.4,88,3.15,89,0.2,974.3,420.0
2025-06-25 11:00:00,27.8,90,3.56,87,0.3,974.3,430.0
2025-06-25 12:00:00,28.8,85,3.5,88,0.3,974.1,490.0
2025-06-25 13:00:00,30.3,77,3.11,86,0.0,973.3,685.0
2025-06-25 14:00:00,31.7,69,3.1,93,0.0,972.5,940.0
2025-06-25 15:00:00,32.1,67,3.06,96,0.0,971.4,1085.0
2025-06-25 16:00:00,32.1,67,2.82,84,0.0,970.8,1060.0
2025-06-25 17:00:00,31.8,70,2.29,80,0.0,970.4,900.0
2025-06-25 18:00:00,30.8,79,1.95,64,0.0,971.5,500.0
2025-06-25 19:00:00,29.9,83,2.55,64,0.0,972.0,405.0
2025-06-25 20:00:00,29.1,86,2.25,78,0.0,972.9,310.0
2025-06-25 21:00:00,28.5,88,2.98,82,0.0,973.6,330.0
2025-06-25 22:00:00,28.3,89,2.88,98,0.0,974.2,395.0
2025-06-25 23:00:00,28.2,89,2.95,93,0.0,974.8,425.0
2025-06-26 00:00:00,28.1,90,3.15,91,0.0,974.0,460.0
2025-06-26 01:00:00,27.9,91,2.25,87,0.0,974.2,370.0
2025-06-26 02:00:00,25.9,98,1.97,99,6.9,974.5,380.0
2025-06-26 03:00:00,26.0,96,2.49,112,0.3,974.0,255.0
2025-06-26 04:00:00,26.3,96,3.0,143,0.1,974.6,500.0
2025-06-26 05:00:00,26.2,95,3.3,104,0.1,974.6,380.0
2025-06-26 06:00:00,28.1,86,2.27,112,0.0,975.0,375.0
2025-06-26 07:00:00,28.9,84,2.16,103,0.0,975.7,480.0
2025-06-26 08:00:00,30.2,79,2.21,103,0.0,976.2,715.0
2025-06-26 09:00:00,31.4,73,2.74,111,0.1,976.5,815.0
2025-06-26 10:00:00,32.5,67,2.62,98,0.0,976.6,1020.0
2025-06-26 11:00:00,33.3,64,2.83,98,0.0,976.0,1185.0
2025-06-26 12:00:00,33.8,61,3.32,102,0.0,975.3,1215.0
2025-06-26 13:00:00,34.0,60,3.3,100,0.0,974.3,1255.0
2025-06-26 14:00:00,34.1,59,3.03,98,0.0,973.3,1225.0
2025-06-26 15:00:00,34.2,58,2.8,93,0.0,972.2,1235.0
2025-06-26 16:00:00,33.8,60,2.7,89,0.0,971.6,1205.0
2025-06-26 17:00:00,33.2,64,2.5,92,0.0,971.4,1145.0
2025-06-26 18:00:00,32.5,68,1.85,88,0.0,972.3,520.0
2025-06-26 19:00:00,31.2,74,1.75,87,0.0,972.8,225.0
2025-06-26 20:00:00,30.6,77,2.03,100,0.0,973.1,220.0
2025-06-26 21:00:00,30.3,78,2.35,94,0.0,973.4,320.0
2025-06-26 22:00:00,29.9,79,2.67,107,0.0,974.3,385.0
2025-06-26 23:00:00,29.5,79,2.69,108,0.0,974.2,425.0
2025-06-27 00:00:00,29.2,80,2.6,106,0.0,974.1,410.0
2025-06-27 01:00:00,28.8,82,2.17,98,0.0,974.0,345.0
2025-06-27 02:00:00,28.4,84,2.18,81,0.0,973.9,270.0
2025-06-27 03:00:00,28.1,85,2.35,78,0.0,973.6,285.0
2025-06-27 04:00:00,27.8,87,2.47,82,0.0,973.5,325.0
2025-06-27 05:00:00,27.6,87,2.6,90,0.0,973.3,330.0
2025-06-27 06:00:00,28.9,83,2.57,117,0.1,974.4,510.0
2025-06-27 07:00:00,29.6,79,1.99,118,0.0,975.0,620.0
2025-06-27 08:00:00,30.3,76,2.15,108,0.0,974.8,690.0
2025-06-27 09:00:00,30.5,75,2.98,125,0.7,975.3,815.0
2025-06-27 10:00:00,30.8,75,1.64,128,2.2,975.6,810.0
2025-06-27 11:00:00,31.9,71,1.97,126,0.1,975.1,905.0
2025-06-27 12:00:00,32.7,68,1.66,115,0.1,974.1,1015.0
2025-06-27 13:00:00,33.3,63,1.99,108,0.0,973.1,1085.0
2025-06-27 14:00:00,33.5,62,2.6,101,0.1,972.4,1090.0
2025-06-27 15:00:00,33.5,62,2.45,90,0.1,971.1,1065.0
2025-06-27 16:00:00,33.4,63,2.27,82,0.0,970.6,1090.0
2025-06-27 17:00:00,33.1,64,2.24,80,0.0,970.5,1085.0
2025-06-27 18:00:00,32.7,65,1.97,97,0.0,971.5,765.0
2025-06-27 19:00:00,31.2,72,1.61,126,0.0,971.8,260.0
2025-06-27 20:00:00,30.3,76,1.64,149,0.0,972.5,180.0
2025-06-27 21:00:00,29.9,77,1.61,150,0.0,973.5,165.0
2025-06-27 22:00:00,29.5,79,1.47,145,0.0,973.9,160.0
2025-06-27 23:00:00,29.3,81,1.45,134,0.0,974.3,165.0
2025-06-28 00:00:00,29.1,83,1.17,121,0.0,974.1,120.0
2025-06-28 01:00:00,26.1,94,1.23,69,6.3,974.4,80.0
2025-06-28 02:00:00,26.0,94,1.76,97,2.0,974.0,105.0
2025-06-28 03:00:00,25.8,95,2.31,120,0.1,973.9,210.0
2025-06-28 04:00:00,25.6,96,1.66,111,0.0,973.1,140.0
2025-06-28 05:00:00,25.5,96,1.17,121,0.0,973.7,145.0
2025-06-28 06:00:00,27.3,86,0.76,101,0.0,973.6,50.0
2025-06-28 07:00:00,28.9,81,0.45,96,0.0,973.6,100.0
2025-06-28 08:00:00,30.5,74,1.02,79,0.0,973.9,500.0
2025-06-28 09:00:00,31.7,69,0.96,84,0.0,973.7,880.0
2025-06-28 10:00:00,32.8,64,1.13,103,0.0,973.5,1025.0
2025-06-28 11:00:00,33.7,60,1.48,118,0.0,973.2,1215.0
2025-06-28 12:00:00,34.2,58,1.14,157,0.0,972.5,1300.0
2025-06-28 13:00:00,34.8,56,1.03,203,0.0,971.5,1395.0
2025-06-28 14:00:00,35.3,55,1.43,216,0.0,970.5,1475.0
2025-06-28 15:00:00,34.9,55,1.84,227,0.2,969.5,1215.0
2025-06-28 16:00:00,34.1,58,2.06,244,0.3,969.1,915.0
2025-06-28 17:00:00,34.0,60,1.18,216,0.0,969.0,875.0
2025-06-28 18:00:00,30.9,77,1.14,157,0.0,970.1,250.0
2025-06-28 19:00:00,30.4,81,0.89,153,0.0,970.6,160.0
2025-06-28 20:00:00,30.3,81,1.46,158,0.0,970.9,315.0
2025-06-28 21:00:00,30.0,82,1.36,163,0.0,971.8,270.0
2025-06-28 22:00:00,29.7,83,1.3,148,0.0,971.8,235.0
2025-06-28 23:00:00,28.8,86,2.36,122,1.6,971.8,210.0
2025-06-29 00:00:00,26.8,95,2.43,82,4.8,971.3,170.0
2025-06-29 01:00:00,26.3,96,3.33,118,7.7,971.5,255.0
2025-06-29 02:00:00,26.4,97,2.11,86,0.2,970.6,170.0
2025-06-29 03:00:00,26.2,98,1.25,95,0.4,970.1,165.0
2025-06-29 04:00:00,26.1,99,2.21,96,0.2,970.3,175.0
2025-06-29 05:00:00,25.9,98,2.13,114,0.1,970.3,165.0
2025-06-29 06:00:00,28.6,80,1.5,244,0.0,970.4,280.0
2025-06-29 07:00:00,29.1,76,1.2,253,0.0,970.3,285.0
2025-06-29 08:00:00,29.9,72,0.29,149,0.0,970.8,330.0
2025-06-29 09:00:00,30.6,69,0.5,143,0.0,970.8,430.0
2025-06-29 10:00:00,31.4,66,1.52,153,0.0,970.7,530.0
2025-06-29 11:00:00,32.2,64,1.59,167,0.0,970.8,765.0
2025-06-29 12:00:00,32.8,63,1.97,173,0.0,970.1,895.0
2025-06-29 13:00:00,32.5,66,1.64,200,0.2,969.7,600.0
2025-06-29 14:00:00,31.5,71,1.41,253,1.2,969.1,450.0
2025-06-29 15:00:00,31.3,71,1.94,235,0.0,968.4,620.0
2025-06-29 16:00:00,31.0,73,1.54,234,0.1,967.7,465.0
2025-06-29 17:00:00,30.9,74,1.06,221,0.0,967.3,360.0
2025-06-29 18:00:00,30.1,76,2.36,197,0.0,969.2,545.0
2025-06-29 19:00:00,29.4,79,1.91,185,0.0,969.7,360.0
2025-06-29 20:00:00,29.0,82,1.36,174,0.0,970.0,250.0
2025-06-29 21:00:00,28.9,82,2.15,155,0.0,970.4,295.0
2025-06-29 22:00:00,28.7,82,1.97,150,0.0,970.9,305.0
2025-06-29 23:00:00,28.4,84,1.76,160,0.0,970.6,285.0
2025-06-30 00:00:00,28.2,85,1.87,171,0.0,970.2,320.0
2025-06-30 01:00:00,27.9,86,1.4,182,0.0,969.8,325.0
2025-06-30 02:00:00,25.9,93,2.92,96,2.5,970.1,170.0
2025-06-30 03:00:00,25.4,98,2.31,85,0.1,970.3,140.0
2025-06-30 04:00:00,25.2,95,1.34,135,0.0,970.3,130.0
2025-06-30 05:00:00,25.2,96,1.25,106,0.0,970.6,85.0
2025-06-30 06:00:00,26.0,91,1.1,150,0.1,971.0,190.0
2025-06-30 07:00:00,25.5,94,2.48,138,0.9,971.9,330.0
2025-06-30 08:00:00,26.0,90,2.45,160,0.1,972.1,310.0
2025-06-30 09:00:00,28.5,80,1.83,197,0.0,972.5,550.0
2025-06-30 10:00:00,30.2,75,1.45,266,0.0,972.7,820.0
2025-06-30 11:00:00,30.9,72,1.93,301,0.1,972.5,875.0
2025-06-30 12:00:00,31.7,71,0.68,343,0.2,971.9,1020.0
2025-06-30 13:00:00,31.9,70,1.07,323,0.4,971.1,970.0
2025-06-30 14:00:00,29.6,81,1.25,127,8.1,970.4,145.0
2025-06-30 15:00:00,27.2,91,2.47,144,4.1,969.7,130.0
2025-06-30 16:00:00,27.3,91,1.57,73,0.1,969.7,180.0
2025-06-30 17:00:00,27.4,91,1.15,92,0.2,969.2,155.0
2025-06-30 18:00:00,28.7,84,0.92,131,0.0,970.5,270.0
2025-06-30 19:00:00,28.2,89,0.34,63,0.0,970.7,25.0
2025-06-30 20:00:00,27.4,90,1.93,100,0.3,971.3,140.0
2025-06-30 21:00:00,26.4,95,2.11,4,0.9,972.9,130.0
2025-06-30 22:00:00,26.1,98,1.7,62,0.3,972.8,130.0
2025-06-30 23:00:00,26.1,99,0.64,135,0.1,973.0,80.0
2025-07-01 00:00:00,26.1,99,0.87,121,0.0,972.4,105.0
2025-07-01 01:00:00,26.2,98,0.32,108,0.4,971.9,70.0
2025-07-01 02:00:00,26.0,99,1.07,53,0.1,971.5,130.0
2025-07-01 03:00:00,25.7,99,1.54,36,0.0,971.6,215.0
2025-07-01 04:00:00,25.4,99,1.34,27,0.0,971.8,180.0
2025-07-01 05:00:00,25.1,98,1.5,53,0.0,972.4,155.0
2025-07-01 06:00:00,26.1,97,2.86,85,1.4,972.3,345.0
2025-07-01 07:00:00,26.3,96,1.7,93,2.7,973.2,320.0
2025-07-01 08:00:00,26.5,95,0.46,103,3.8,974.3,235.0
2025-07-01 09:00:00,26.9,93,1.61,54,1.7,974.5,295.0
2025-07-01 10:00:00,28.1,85,1.83,73,0.3,974.0,525.0
2025-07-01 11:00:00,30.6,71,2.49,80,0.0,973.8,900.0
2025-07-01 12:00:00,31.7,67,2.3,88,0.0,972.9,1080.0
2025-07-01 13:00:00,32.4,63,2.15,87,0.0,971.8,1225.0
2025-07-01 14:00:00,32.8,59,1.95,91,0.0,970.4,1380.0
2025-07-01 15:00:00,33.2,57,1.95,89,0.0,969.8,1465.0
2025-07-01 16:00:00,32.9,59,2.08,80,0.0,969.4,1235.0
2025-07-01 17:00:00,31.8,68,2.1,90,0.0,969.2,550.0
2025-07-01 18:00:00,30.4,76,1.35,92,0.0,970.4,265.0
2025-07-01 19:00:00,29.4,82,1.15,88,0.0,971.0,135.0
2025-07-01 20:00:00,29.3,84,0.42,135,0.0,971.6,45.0
2025-07-01 21:00:00,28.9,85,0.85,118,0.0,972.2,80.0
2025-07-01 22:00:00,28.6,85,1.1,114,0.0,972.7,85.0
2025-07-01 23:00:00,28.2,87,0.99,120,0.0,972.7,70.0
2025-07-02 00:00:00,28.0,88,0.94,115,0.0,972.9,65.0
2025-07-02 01:00:00,27.8,88,1.22,99,0.0,972.3,70.0
2025-07-02 02:00:00,27.3,90,1.32,115,0.0,972.2,85.0
2025-07-02 03:00:00,26.9,92,1.03,113,0.0,972.0,65.0
2025-07-02 04:00:00,26.8,92,1.17,121,0.0,972.2,70.0
2025-07-02 05:00:00,26.7,93,1.11,98,0.0,972.4,65.0
2025-07-02 06:00:00,26.8,97,1.88,101,0.2,972.5,130.0
2025-07-02 07:00:00,27.9,92,1.18,78,0.0,973.0,170.0
2025-07-02 08:00:00,29.4,83,1.66,83,0.0,973.3,445.0
2025-07-02 09:00:00,30.7,74,2.7,91,0.1,973.5,700.0
2025-07-02 10:00:00,31.6,72,2.91,94,0.0,973.3,1015.0
2025-07-02 11:00:00,32.3,69,3.03,98,0.0,973.0,1190.0
2025-07-02 12:00:00,32.6,68,3.18,103,0.2,972.4,1315.0
2025-07-02 13:00:00,32.8,66,2.45,90,0.0,971.4,1330.0
2025-07-02 14:00:00,32.8,67,2.07,98,0.0,970.6,1245.0
2025-07-02 15:00:00,33.0,65,2.32,104,0.0,969.9,1115.0
2025-07-02 16:00:00,32.4,66,2.36,107,0.2,969.5,690.0
2025-07-02 17:00:00,31.6,73,2.06,108,0.0,969.7,480.0
2025-07-02 18:00:00,30.9,77,2.06,131,0.0,970.4,520.0
2025-07-02 19:00:00,29.9,83,1.56,132,0.0,971.0,300.0
2025-07-02 20:00:00,29.4,86,1.64,128,0.0,971.9,265.0
2025-07-02 21:00:00,29.1,87,2.02,120,0.0,972.5,315.0
2025-07-02 22:00:00,28.6,89,1.72,116,0.0,972.8,255.0
2025-07-02 23:00:00,28.3,90,1.81,104,0.0,972.8,275.0
2025-07-03 00:00:00,27.9,90,2.32,104,0.0,972.8,330.0
2025-07-03 01:00:00,27.5,90,2.4,91,0.0,972.6,360.0
2025-07-03 02:00:00,27.2,91,2.04,107,0.0,972.4,380.0
2025-07-03 03:00:00,27.0,92,2.61,107,0.0,972.2,400.0
2025-07-03 04:00:00,26.7,92,2.51,113,0.0,972.6,380.0
2025-07-03 05:00:00,26.2,93,2.87,119,0.0,973.1,465.0
2025-07-03 06:00:00,27.0,94,2.2,73,0.1,973.0,295.0
2025-07-03 07:00:00,27.6,91,1.9,88,0.0,973.5,360.0
2025-07-03 08:00:00,28.9,84,2.4,94,0.0,974.0,500.0
2025-07-03 09:00:00,30.3,74,3.3,108,0.0,974.0,655.0
2025-07-03 10:00:00,31.2,71,2.95,114,0.3,974.0,805.0
2025-07-03 11:00:00,31.8,68,3.01,122,0.1,973.7,885.0
2025-07-03 12:00:00,32.5,66,2.45,123,0.1,973.0,945.0
2025-07-03 13:00:00,32.9,65,2.12,117,0.0,972.0,1025.0
2025-07-03 14:00:00,33.3,63,2.06,108,0.0,971.3,1055.0
2025-07-03 15:00:00,33.3,62,1.96,94,0.0,970.5,1050.0
2025-07-03 16:00:00,33.1,63,2.05,103,0.0,969.9,1045.0
2025-07-03 17:00:00,32.6,66,1.87,106,0.0,970.0,880.0
2025-07-03 18:00:00,31.4,74,1.43,115,0.0,971.2,630.0
2025-07-03 19:00:00,30.3,79,1.35,132,0.0,971.9,180.0
2025-07-03 20:00:00,29.8,80,1.53,109,0.0,972.4,135.0
2025-07-03 21:00:00,29.5,82,1.49,104,0.0,973.2,115.0
2025-07-03 22:00:00,29.1,83,1.8,87,0.0,973.4,190.0
2025-07-03 23:00:00,28.7,84,2.6,93,0.0,973.5,285.0
2025-07-04 00:00:00,28.2,86,2.52,104,0.0,973.3,290.0
2025-07-04 01:00:00,27.7,88,2.61,110,0.0,973.0,330.0
2025-07-04 02:00:00,27.3,90,2.15,115,0.0,972.9,300.0
2025-07-04 03:00:00,27.1,91,2.24,129,0.0,972.9,335.0
2025-07-04 04:00:00,26.7,93,2.05,135,0.0,973.3,340.0
2025-07-04 05:00:00,26.4,93,1.43,144,0.0,973.5,230.0
2025-07-04 06:00:00,27.7,93,2.07,110,0.0,973.7,350.0
2025-07-04 07:00:00,28.6,88,1.63,108,0.0,973.9,325.0
2025-07-04 08:00:00,29.5,83,1.08,103,0.0,974.1,375.0
2025-07-04 09:00:00,30.8,77,1.11,98,0.0,974.2,590.0
2025-07-04 10:00:00,31.8,70,1.33,124,0.0,974.3,805.0
2025-07-04 11:00:00,32.5,67,1.33,124,0.0,974.0,910.0
2025-07-04 12:00:00,33.1,64,1.35,121,0.0,973.3,995.0
2025-07-04 13:00:00,33.6,63,1.01,110,0.0,972.6,1190.0
2025-07-04 14:00:00,33.8,63,0.7,86,0.0,971.8,1155.0
2025-07-04 15:00:00,33.8,63,0.92,41,0.0,970.9,1150.0
2025-07-04 16:00:00,33.7,64,1.12,32,0.0,969.9,1170.0
2025-07-04 17:00:00,33.3,66,1.3,62,0.0,969.8,1060.0
2025-07-04 18:00:00,29.8,83,1.32,61,0.0,971.3,195.0
2025-07-04 19:00:00,29.4,85,1.15,88,0.0,971.0,170.0
2025-07-04 20:00:00,29.1,87,1.2,135,0.0,972.2,150.0
2025-07-04 21:00:00,28.9,88,1.39,120,0.0,972.6,130.0
2025-07-04 22:00:00,28.7,89,1.63,101,0.0,973.1,125.0
2025-07-04 23:00:00,28.5,89,2.3,86,0.0,972.9,155.0
2025-07-05 00:00:00,28.2,91,1.41,107,0.0,972.8,215.0
2025-07-05 01:00:00,27.2,90,1.7,152,1.1,973.4,230.0
2025-07-05 02:00:00,26.9,93,0.67,27,0.0,972.9,50.0
2025-07-05 03:00:00,26.5,97,0.36,304,0.0,972.7,35.0
2025-07-05 04:00:00,26.6,96,1.63,67,0.1,972.1,150.0
2025-07-05 05:00:00,26.5,96,1.18,54,0.0,972.5,110.0
2025-07-05 06:00:00,28.3,91,0.55,175,0.0,972.6,45.0
2025-07-05 07:00:00,29.2,84,0.83,205,0.0,972.6,255.0
2025-07-05 08:00:00,29.9,81,0.36,326,0.0,972.5,250.0
2025-07-05 09:00:00,31.5,73,1.19,255,0.0,973.0,590.0
2025-07-05 10:00:00,32.4,68,1.03,247,0.1,972.5,875.0
2025-07-05 11:00:00,33.3,67,0.65,266,0.0,972.2,1105.0
2025-07-05 12:00:00,33.7,65,0.5,264,0.1,971.6,1110.0
2025-07-05 13:00:00,33.6,65,0.6,222,0.3,971.0,1140.0
2025-07-05 14:00:00,34.4,62,0.21,284,0.1,970.0,1160.0
2025-07-05 15:00:00,34.2,62,1.28,111,0.0,969.1,1230.0
2025-07-05 16:00:00,33.6,65,1.53,128,0.0,968.6,700.0
2025-07-05 17:00:00,33.2,68,1.36,118,0.0,968.3,475.0
2025-07-05 18:00:00,33.0,68,0.43,36,0.0,969.6,25.0
2025-07-05 19:00:00,30.2,82,1.57,112,0.5,970.4,120.0
2025-07-05 20:00:00,29.9,83,1.42,100,0.0,971.1,110.0
2025-07-05 21:00:00,29.5,85,1.92,115,0.0,972.1,240.0
2025-07-05 22:00:00,28.7,86,1.77,140,0.0,972.5,195.0
2025-07-05 23:00:00,28.4,87,1.53,169,0.0,972.8,195.0
2025-07-06 00:00:00,28.2,89,1.25,113,0.0,972.2,100.0
2025-07-06 01:00:00,27.9,91,1.9,120,0.0,972.0,180.0
2025-07-06 02:00:00,27.2,93,2.34,200,0.0,971.8,205.0
2025-07-06 03:00:00,27.1,93,1.56,225,0.0,971.6,150.0
2025-07-06 04:00:00,26.8,93,1.63,220,0.0,971.5,160.0
2025-07-06 05:00:00,26.6,93,0.81,277,0.0,971.4,110.0
2025-07-06 06:00:00,27.1,94,1.91,33,0.4,971.4,130.0
2025-07-06 07:00:00,28.1,88,0.79,18,0.1,971.8,115.0
2025-07-06 08:00:00,29.5,80,1.54,335,0.1,972.9,225.0
2025-07-06 09:00:00,30.8,75,2.08,333,0.1,973.4,540.0
2025-07-06 10:00:00,31.8,70,1.99,335,0.0,973.2,635.0
2025-07-06 11:00:00,33.0,66,0.92,347,0.0,972.5,840.0
2025-07-06 12:00:00,33.7,63,0.63,61,0.0,971.9,1060.0
2025-07-06 13:00:00,34.6,59,0.47,162,0.0,971.0,1250.0
2025-07-06 14:00:00,34.6,59,0.99,135,0.1,970.2,1275.0
2025-07-06 15:00:00,34.3,61,1.38,131,0.7,969.4,1060.0
2025-07-06 16:00:00,33.8,65,0.99,135,0.1,968.8,1035.0
2025-07-06 17:00:00,33.4,67,0.96,141,0.0,968.9,580.0
2025-07-06 18:00:00,32.3,73,0.54,146,0.0,969.0,85.0
2025-07-06 19:00:00,31.2,80,1.08,202,0.0,969.6,75.0
2025-07-06 20:00:00,30.5,84,1.05,177,0.0,970.6,70.0
2025-07-06 21:00:00,30.0,84,2.18,148,0.1,971.5,220.0
2025-07-06 22:00:00,28.5,85,1.86,156,0.0,971.2,155.0
2025-07-06 23:00:00,26.2,93,2.25,270,6.0,973.5,155.0
2025-07-07 00:00:00,26.1,94,1.46,262,3.1,973.1,160.0
2025-07-07 01:00:00,26.1,94,1.08,146,0.1,972.9,115.0
2025-07-07 02:00:00,26.2,94,0.72,214,0.0,972.2,120.0
2025-07-07 03:00:00,26.0,95,0.5,37,0.0,971.6,65.0
2025-07-07 04:00:00,25.9,97,1.55,105,0.0,972.0,155.0
2025-07-07 05:00:00,25.8,98,1.86,76,0.0,972.5,185.0
2025-07-07 06:00:00,25.5,98,0.32,288,3.5,973.3,35.0
2025-07-07 07:00:00,25.9,98,1.47,18,2.9,973.1,75.0
2025-07-07 08:00:00,26.1,96,1.73,338,2.4,972.5,180.0
2025-07-07 09:00:00,27.4,89,0.47,198,0.2,973.6,230.0
2025-07-07 10:00:00,27.9,86,0.35,315,0.0,973.8,265.0
2025-07-07 11:00:00,29.6,79,0.86,7,0.0,973.8,495.0
2025-07-07 12:00:00,31.4,72,0.59,70,0.0,973.2,875.0
2025-07-07 13:00:00,32.5,66,0.43,126,0.0,972.1,950.0
2025-07-07 14:00:00,33.1,64,0.47,252,0.0,971.1,1005.0
2025-07-07 15:00:00,33.3,63,0.82,284,0.0,970.3,975.0
2025-07-07 16:00:00,33.2,64,1.07,281,0.0,969.7,940.0
2025-07-07 17:00:00,32.9,66,1.25,272,0.0,969.8,900.0
2025-07-07 18:00:00,30.8,77,1.31,310,0.0,970.6,315.0
2025-07-07 19:00:00,29.8,81,1.5,296,0.0,971.0,170.0
2025-07-07 20:00:00,29.3,81,1.2,265,0.0,971.6,90.0
2025-07-07 21:00:00,29.0,83,1.06,251,0.0,972.6,60.0
2025-07-07 22:00:00,28.8,84,0.57,225,0.0,973.0,25.0
2025-07-07 23:00:00,28.4,85,0.15,90,0.0,973.2,10.0
2025-07-08 00:00:00,27.9,88,0.65,113,0.0,973.0,25.0
2025-07-08 01:00:00,27.7,89,0.99,131,0.0,972.5,35.0
2025-07-08 02:00:00,27.2,92,0.89,128,0.0,972.2,40.0
2025-07-08 03:00:00,27.1,92,1.26,146,0.0,971.7,55.0
2025-07-08 04:00:00,27.1,92,1.3,164,0.0,972.0,65.0
2025-07-08 05:00:00,26.9,92,1.03,133,0.0,972.6,60.0
2025-07-08 06:00:00,28.9,86,1.23,212,0.0,972.7,40.0
2025-07-08 07:00:00,29.8,82,1.61,263,0.1,973.4,285.0
2025-07-08 08:00:00,30.2,77,2.15,288,0.2,973.4,370.0
2025-07-08 09:00:00,30.8,76,1.57,279,0.1,974.0,545.0
2025-07-08 10:00:00,31.9,71,1.85,289,0.0,973.8,715.0
2025-07-08 11:00:00,32.8,66,2.8,311,0.0,973.6,965.0
2025-07-08 12:00:00,33.4,64,2.62,305,0.0,973.2,1215.0
2025-07-08 13:00:00,33.8,62,2.51,299,0.0,972.3,1245.0
2025-07-08 14:00:00,33.9,61,2.43,284,0.0,971.2,1155.0
2025-07-08 15:00:00,33.7,62,2.53,285,0.0,969.9,1105.0
2025-07-08 16:00:00,33.7,62,2.18,290,0.0,969.7,1140.0
2025-07-08 17:00:00,33.6,63,1.22,305,0.0,970.2,1050.0
2025-07-08 18:00:00,32.4,71,0.78,255,0.0,970.8,60.0
2025-07-08 19:00:00,31.2,75,1.01,243,0.0,971.0,45.0
2025-07-08 20:00:00,30.6,77,1.0,288,0.0,971.9,35.0
2025-07-08 21:00:00,30.5,76,0.52,197,0.0,972.8,20.0
2025-07-08 22:00:00,30.0,78,0.5,186,0.0,973.1,15.0
2025-07-08 23:00:00,30.1,77,0.05,270,0.0,973.2,10.0
2025-07-09 00:00:00,29.5,80,0.64,231,0.0,972.8,35.0
2025-07-09 01:00:00,28.7,80,2.24,190,0.0,972.9,245.0
2025-07-09 02:00:00,27.7,85,2.34,196,0.0,972.2,165.0
2025-07-09 03:00:00,27.1,86,2.08,190,0.0,971.7,150.0
2025-07-09 04:00:00,27.1,86,1.6,39,0.0,972.3,70.0
2025-07-09 05:00:00,26.7,89,0.99,49,0.0,972.5,130.0
2025-07-09 06:00:00,27.5,85,1.05,301,0.0,972.9,180.0
2025-07-09 07:00:00,28.1,83,1.27,281,0.0,973.4,240.0
2025-07-09 08:00:00,29.2,80,1.27,261,0.0,974.1,275.0
2025-07-09 09:00:00,30.4,76,1.3,242,0.0,974.6,340.0
2025-07-09 10:00:00,31.6,70,1.03,284,0.0,974.9,805.0
2025-07-09 11:00:00,28.6,81,2.77,277,6.9,975.4,510.0
2025-07-09 12:00:00,27.5,90,0.6,312,1.1,974.4,130.0
2025-07-09 13:00:00,28.9,84,0.36,124,0.2,973.2,210.0
2025-07-09 14:00:00,30.0,80,0.65,90,0.0,972.4,285.0
2025-07-09 15:00:00,30.7,78,1.21,97,0.0,972.4,400.0
2025-07-09 16:00:00,30.7,78,1.35,141,0.0,971.5,380.0
2025-07-09 17:00:00,30.4,79,1.46,149,0.0,971.3,360.0
2025-07-09 18:00:00,30.9,73,0.22,297,0.0,972.9,15.0
2025-07-09 19:00:00,29.7,83,0.8,4,0.0,973.4,40.0
2025-07-09 20:00:00,28.9,87,0.68,73,0.0,974.0,65.0
2025-07-09 21:00:00,28.8,89,0.41,76,0.0,975.4,60.0
2025-07-09 22:00:00,28.1,89,0.45,6,1.4,976.0,125.0
2025-07-09 23:00:00,27.4,88,0.91,99,0.1,976.0,100.0
2025-07-10 00:00:00,26.9,92,0.79,125,0.1,975.8,225.0
2025-07-10 01:00:00,26.5,95,0.84,163,0.4,975.2,175.0
2025-07-10 02:00:00,26.4,97,0.57,135,0.3,974.9,135.0
2025-07-10 03:00:00,26.3,97,0.57,105,0.4,974.6,130.0
2025-07-10 04:00:00,25.8,96,1.06,109,2.3,974.9,150.0
2025-07-10 05:00:00,25.2,96,1.51,96,2.9,974.9,120.0
2025-07-10 06:00:00,25.7,91,1.87,160,0.2,975.1,160.0
2025-07-10 07:00:00,26.0,86,1.14,142,0.0,975.6,150.0
2025-07-10 08:00:00,26.5,83,1.1,141,0.0,976.1,205.0
2025-07-10 09:00:00,27.6,78,0.64,141,0.0,976.9,300.0
2025-07-10 10:00:00,28.1,76,0.92,135,0.0,977.3,445.0
2025-07-10 11:00:00,27.9,78,1.36,126,0.0,977.0,485.0
2025-07-10 12:00:00,28.5,77,2.26,133,0.0,976.7,610.0
2025-07-10 13:00:00,28.4,78,2.34,140,0.0,975.9,575.0
2025-07-10 14:00:00,28.0,82,1.9,150,0.0,974.9,495.0
2025-07-10 15:00:00,28.6,80,2.16,136,0.0,973.6,515.0
2025-07-10 16:00:00,29.2,78,1.53,142,0.0,972.8,465.0
2025-07-10 17:00:00,29.3,78,1.32,143,0.0,972.7,430.0
2025-07-10 18:00:00,27.9,85,0.89,164,0.0,974.3,370.0
2025-07-10 19:00:00,27.4,89,0.69,240,0.0,975.1,85.0
2025-07-10 20:00:00,26.8,91,0.67,228,0.3,975.8,60.0
2025-07-10 21:00:00,26.5,93,0.65,238,0.0,976.3,55.0
2025-07-10 22:00:00,26.2,95,0.64,225,0.1,976.6,55.0
2025-07-10 23:00:00,26.1,95,1.03,157,0.0,976.5,60.0
2025-07-11 00:00:00,25.4,98,0.68,144,0.0,975.8,45.0
2025-07-11 01:00:00,25.6,97,0.21,194,0.0,975.3,25.0
2025-07-11 02:00:00,25.4,98,0.16,288,0.0,974.9,20.0
2025-07-11 03:00:00,25.3,99,0.63,151,0.0,974.5,40.0
2025-07-11 04:00:00,25.3,98,0.9,161,0.0,974.8,55.0
2025-07-11 05:00:00,25.3,99,0.71,188,0.0,975.3,45.0
2025-07-11 06:00:00,26.4,92,1.15,182,0.6,975.5,80.0
2025-07-11 07:00:00,26.7,91,0.6,132,0.1,975.7,95.0
2025-07-11 08:00:00,27.0,91,0.49,156,0.1,975.9,155.0
2025-07-11 09:00:00,27.8,88,1.1,231,0.0,976.3,290.0
2025-07-11 10:00:00,28.2,84,0.75,233,0.0,976.7,390.0
2025-07-11 11:00:00,29.6,73,1.06,188,0.0,976.7,630.0
2025-07-11 12:00:00,30.1,70,1.15,198,0.0,975.9,765.0
2025-07-11 13:00:00,30.7,69,1.28,211,0.0,974.8,880.0
2025-07-11 14:00:00,30.7,69,1.0,183,0.0,973.9,850.0
2025-07-11 15:00:00,31.4,67,0.51,151,0.0,972.7,900.0
2025-07-11 16:00:00,31.4,67,0.47,122,0.0,972.0,975.0
2025-07-11 17:00:00,31.1,67,0.65,122,0.0,971.9,935.0
2025-07-11 18:00:00,30.1,77,0.51,349,0.0,973.3,55.0
2025-07-11 19:00:00,29.1,82,0.36,304,0.0,973.6,20.0
2025-07-11 20:00:00,28.6,84,0.28,315,0.0,974.5,20.0
2025-07-11 21:00:00,28.2,86,0.3,279,0.0,975.3,20.0
2025-07-11 22:00:00,27.9,88,0.52,287,0.0,975.8,25.0
2025-07-11 23:00:00,27.7,87,0.14,45,0.0,975.9,15.0
2025-07-12 00:00:00,27.4,89,0.35,82,0.0,975.4,20.0
2025-07-12 01:00:00,27.1,90,0.38,23,0.0,974.8,20.0
2025-07-12 02:00:00,26.9,91,0.35,360,0.0,974.4,25.0
2025-07-12 03:00:00,26.8,92,0.11,297,0.0,974.2,20.0
2025-07-12 04:00:00,26.6,93,0.47,252,0.0,974.4,60.0
2025-07-12 05:00:00,26.3,91,1.49,284,0.0,974.5,100.0
2025-07-12 06:00:00,26.9,89,0.79,18,0.0,975.0,90.0
2025-07-12 07:00:00,27.7,86,0.32,252,0.0,975.3,110.0
2025-07-12 08:00:00,29.1,79,0.81,281,0.0,975.4,295.0
2025-07-12 09:00:00,29.8,76,0.91,276,0.1,975.5,435.0
2025-07-12 10:00:00,31.0,70,0.4,277,0.0,975.9,850.0
2025-07-12 11:00:00,31.9,67,0.18,304,0.0,975.8,990.0
2025-07-12 12:00:00,32.5,66,0.27,112,0.0,975.5,1090.0
2025-07-12 13:00:00,33.1,64,0.3,81,0.0,974.7,1150.0
2025-07-12 14:00:00,33.0,66,0.89,38,0.0,973.8,1150.0
2025-07-12 15:00:00,32.9,65,0.67,42,0.0,973.1,1095.0
2025-07-12 16:00:00,33.2,64,0.43,126,0.0,972.6,1215.0
2025-07-12 17:00:00,28.1,87,2.19,114,1.6,972.6,180.0
2025-07-12 18:00:00,30.4,74,2.59,62,0.0,974.4,480.0
2025-07-12 19:00:00,28.0,84,1.87,70,0.0,974.2,165.0
2025-07-12 20:00:00,27.3,88,1.59,66,0.0,974.5,150.0
2025-07-12 21:00:00,27.2,89,0.98,105,0.0,975.1,95.0
2025-07-12 22:00:00,27.1,91,0.64,129,0.0,975.2,50.0
2025-07-12 23:00:00,27.0,91,0.7,159,0.0,975.1,50.0
2025-07-13 00:00:00,26.8,92,0.56,153,0.0,975.0,40.0
2025-07-13 01:00:00,26.6,92,0.9,161,0.0,974.8,55.0
2025-07-13 02:00:00,26.4,93,0.25,143,0.0,974.5,25.0
2025-07-13 03:00:00,26.2,95,0.54,112,0.0,974.4,40.0
2025-07-13 04:00:00,26.1,95,0.51,11,0.0,974.2,35.0
2025-07-13 05:00:00,26.1,95,1.2,42,0.0,975.1,75.0
2025-07-13 06:00:00,27.7,92,0.85,93,0.0,975.2,120.0
2025-07-13 07:00:00,28.1,90,0.9,236,0.1,975.9,170.0
2025-07-13 08:00:00,29.0,78,1.54,77,1.2,976.6,450.0
2025-07-13 09:00:00,28.2,80,2.19,79,1.0,976.6,345.0
2025-07-13 10:00:00,29.8,76,1.6,39,0.0,976.8,715.0
2025-07-13 11:00:00,30.8,75,2.08,55,0.1,976.3,1020.0
2025-07-13 12:00:00,31.7,71,2.84,76,0.1,975.5,1325.0
2025-07-13 13:00:00,32.2,67,3.01,95,0.1,974.4,1380.0
2025-07-13 14:00:00,32.4,65,2.93,98,0.0,973.2,1195.0
2025-07-13 15:00:00,30.2,76,3.06,62,0.1,972.8,470.0
2025-07-13 16:00:00,28.9,82,2.12,45,0.1,972.3,360.0
2025-07-13 17:00:00,28.2,86,1.66,33,0.0,972.1,220.0
2025-07-13 18:00:00,26.2,97,0.54,124,5.3,972.7,95.0
2025-07-13 19:00:00,26.5,97,0.65,247,0.5,973.3,20.0
2025-07-13 20:00:00,26.8,95,0.74,20,0.7,973.8,45.0
2025-07-13 21:00:00,27.0,93,2.0,77,0.1,974.3,130.0
2025-07-13 22:00:00,27.3,92,2.39,64,0.0,974.5,265.0
2025-07-13 23:00:00,27.5,90,3.04,70,0.0,974.2,375.0
2025-07-14 00:00:00,27.6,89,2.96,86,0.0,973.8,435.0
2025-07-14 01:00:00,27.4,89,2.77,84,0.1,973.4,445.0
2025-07-14 02:00:00,27.2,90,2.45,86,0.0,973.1,410.0
2025-07-14 03:00:00,27.0,91,2.38,82,0.0,972.6,405.0
2025-07-14 04:00:00,26.8,92,2.56,86,0.0,972.6,460.0
2025-07-14 05:00:00,26.8,92,2.95,89,0.0,972.9,555.0
2025-07-14 06:00:00,25.5,97,3.47,83,0.0,973.4,475.0
2025-07-14 07:00:00,26.3,94,4.3,93,0.1,973.7,600.0
2025-07-14 08:00:00,26.8,90,4.9,98,0.1,973.6,635.0
2025-07-14 09:00:00,28.4,81,4.99,101,0.1,973.8,940.0
2025-07-14 10:00:00,29.5,75,5.52,104,0.1,973.9,940.0
2025-07-14 11:00:00,29.7,75,5.49,109,0.6,973.6,860.0
2025-07-14 12:00:00,30.0,73,5.23,109,0.2,972.9,935.0
2025-07-14 13:00:00,30.2,74,5.3,101,0.4,971.9,885.0
2025-07-14 14:00:00,30.1,74,4.03,96,0.1,971.1,865.0
2025-07-14 15:00:00,30.3,78,3.52,101,0.1,970.3,1015.0
2025-07-14 16:00:00,29.6,78,4.7,109,3.7,970.3,585.0
2025-07-14 17:00:00,27.4,88,3.98,102,4.7,970.5,550.0
2025-07-14 18:00:00,27.2,91,3.03,99,3.4,971.1,455.0
2025-07-14 19:00:00,27.1,93,3.56,101,0.3,971.8,515.0
2025-07-14 20:00:00,26.3,95,3.69,111,1.4,972.2,590.0
2025-07-14 21:00:00,26.0,94,4.27,111,0.4,973.2,570.0
2025-07-14 22:00:00,26.4,92,4.88,116,0.1,973.5,675.0
2025-07-14 23:00:00,26.1,92,4.52,113,0.2,973.0,705.0
2025-07-15 00:00:00,25.8,93,4.72,116,0.1,972.9,665.0
2025-07-15 01:00:00,25.8,93,4.62,124,0.1,972.4,675.0
2025-07-15 02:00:00,25.7,93,4.54,126,0.1,971.9,650.0
2025-07-15 03:00:00,25.7,92,5.26,129,0.2,971.7,630.0
2025-07-15 04:00:00,25.4,94,4.45,123,0.2,972.0,590.0
2025-07-15 05:00:00,25.3,95,3.89,119,0.0,972.0,555.0
2025-07-15 06:00:00,26.1,92,4.69,121,0.1,971.9,620.0
2025-07-15 07:00:00,26.5,91,4.56,122,0.1,972.6,600.0
2025-07-15 08:00:00,27.0,89,4.87,130,0.1,972.6,620.0
2025-07-15 09:00:00,27.6,84,4.56,133,0.1,973.1,685.0
2025-07-15 10:00:00,28.3,81,4.63,137,0.0,973.1,785.0
2025-07-15 11:00:00,29.8,73,5.13,134,0.1,972.9,925.0
2025-07-15 12:00:00,30.5,70,5.06,132,0.0,972.3,995.0
2025-07-15 13:00:00,31.2,66,4.88,133,0.0,971.5,950.0
2025-07-15 14:00:00,31.8,64,4.54,139,0.1,970.7,1075.0
2025-07-15 15:00:00,31.8,65,4.31,142,0.1,969.8,1025.0
2025-07-15 16:00:00,30.0,75,3.3,181,0.2,969.5,630.0
2025-07-15 17:00:00,30.0,78,2.28,154,0.0,969.7,615.0
2025-07-15 18:00:00,28.9,82,2.18,143,0.2,971.3,385.0
2025-07-15 19:00:00,27.7,87,2.47,126,1.3,972.0,270.0
2025-07-15 20:00:00,27.5,89,2.58,134,0.0,972.8,260.0
2025-07-15 21:00:00,27.3,91,2.45,129,0.3,973.7,275.0
2025-07-15 22:00:00,27.0,93,2.72,134,0.2,973.9,265.0
2025-07-15 23:00:00,26.6,94,2.58,126,0.4,974.0,240.0
2025-07-16 00:00:00,26.1,97,2.9,111,1.6,973.9,250.0
2025-07-16 01:00:00,26.0,97,2.91,125,1.9,973.7,260.0
2025-07-16 02:00:00,26.0,96,2.89,108,0.6,973.2,245.0
2025-07-16 03:00:00,25.7,97,2.96,102,0.5,973.3,255.0
2025-07-16 04:00:00,25.3,97,3.03,103,0.5,973.3,220.0
2025-07-16 05:00:00,25.2,98,3.22,114,0.0,973.3,280.0
2025-07-16 06:00:00,26.9,95,2.44,109,0.0,973.8,310.0
2025-07-16 07:00:00,27.4,90,2.4,126,0.0,974.1,315.0
2025-07-16 08:00:00,28.6,84,2.62,138,0.0,974.4,425.0
2025-07-16 09:00:00,30.1,77,2.91,151,0.1,975.0,635.0
2025-07-16 10:00:00,31.2,71,2.81,168,0.0,974.8,910.0
2025-07-16 11:00:00,31.9,68,2.58,162,0.1,974.6,1150.0
2025-07-16 12:00:00,32.2,66,2.47,159,0.0,973.8,1160.0
2025-07-16 13:00:00,31.8,67,2.47,162,0.0,973.1,1055.0
2025-07-16 14:00:00,30.8,71,2.36,148,0.0,972.5,555.0
2025-07-16 15:00:00,30.2,74,3.39,149,0.0,971.9,610.0
2025-07-16 16:00:00,29.6,78,2.8,130,0.1,971.7,455.0
2025-07-16 17:00:00,29.4,79,2.37,125,0.0,971.8,455.0
2025-07-16 18:00:00,29.4,81,1.38,167,0.0,973.3,400.0
2025-07-16 19:00:00,28.8,86,0.75,127,0.0,973.8,150.0
2025-07-16 20:00:00,28.3,87,1.3,122,0.0,974.3,115.0
2025-07-16 21:00:00,28.0,87,1.35,121,0.0,974.8,105.0
2025-07-16 22:00:00,27.8,88,1.57,112,0.0,975.2,105.0
2025-07-16 23:00:00,27.7,89,2.0,112,0.0,975.2,145.0
2025-07-17 00:00:00,27.6,91,2.0,122,0.0,974.7,160.0
2025-07-17 01:00:00,27.4,92,2.07,122,0.0,974.6,180.0
2025-07-17 02:00:00,27.2,93,2.06,116,0.0,974.3,175.0
2025-07-17 03:00:00,26.9,93,2.31,120,0.0,974.4,195.0
2025-07-17 04:00:00,26.8,93,2.49,128,0.0,974.6,245.0
2025-07-17 05:00:00,26.6,90,2.82,150,0.0,975.2,260.0
2025-07-17 06:00:00,26.7,85,3.05,122,0.0,976.2,520.0
2025-07-17 07:00:00,27.1,85,2.51,113,0.0,976.8,500.0
2025-07-17 08:00:00,27.9,82,2.87,121,0.0,977.0,725.0
2025-07-17 09:00:00,28.5,76,3.07,127,0.0,977.5,825.0
2025-07-17 10:00:00,29.2,74,3.08,132,0.0,977.3,890.0
2025-07-17 11:00:00,30.0,70,3.8,129,0.0,977.3,980.0
2025-07-17 12:00:00,30.3,69,3.98,129,0.0,976.8,840.0
2025-07-17 13:00:00,29.5,73,3.27,115,0.0,976.1,700.0
2025-07-17 14:00:00,29.7,73,2.91,106,0.0,975.2,690.0
2025-07-17 15:00:00,30.5,70,2.58,112,0.0,974.4,840.0
2025-07-17 16:00:00,30.8,68,2.85,108,0.0,973.9,925.0
2025-07-17 17:00:00,30.3,71,2.29,106,0.0,973.6,760.0
2025-07-17 18:00:00,29.6,82,1.24,47,0.0,974.6,240.0
2025-07-17 19:00:00,28.7,86,1.71,83,0.0,975.3,265.0
2025-07-17 20:00:00,27.5,91,2.16,138,0.1,976.0,275.0
2025-07-17 21:00:00,26.9,93,1.81,129,0.5,976.7,215.0
2025-07-17 22:00:00,26.6,94,0.27,112,0.1,976.6,60.0
2025-07-17 23:00:00,26.6,93,1.25,67,0.1,976.3,115.0
2025-07-18 00:00:00,26.4,93,1.64,59,0.1,975.9,125.0
2025-07-18 01:00:00,26.4,93,2.07,53,0.0,975.3,155.0
2025-07-18 02:00:00,26.4,93,2.44,46,0.0,975.0,280.0
2025-07-18 03:00:00,26.4,90,2.86,63,0.0,974.5,415.0
2025-07-18 04:00:00,26.2,91,2.67,60,0.0,974.6,390.0
2025-07-18 05:00:00,26.1,92,2.75,63,0.0,975.1,555.0
2025-07-18 06:00:00,26.7,87,3.36,67,0.0,975.8,765.0
2025-07-18 07:00:00,27.5,84,2.85,59,0.0,976.0,875.0
2025-07-18 08:00:00,28.5,78,3.78,64,0.0,975.7,1000.0
2025-07-18 09:00:00,29.7,71,5.72,78,0.0,975.6,1135.0
2025-07-18 10:00:00,30.3,71,5.03,77,0.1,975.8,1150.0
2025-07-18 11:00:00,30.8,69,5.01,78,0.1,975.2,1385.0
2025-07-18 12:00:00,31.2,67,5.39,75,0.0,974.1,1350.0
2025-07-18 13:00:00,30.9,70,5.06,76,0.4,973.5,1195.0
2025-07-18 14:00:00,29.9,72,5.63,84,0.7,972.8,785.0
2025-07-18 15:00:00,30.1,74,4.9,61,0.7,972.2,980.0
2025-07-18 16:00:00,29.2,78,4.6,68,0.3,971.4,875.0
2025-07-18 17:00:00,29.2,79,3.82,47,0.0,971.0,770.0
2025-07-18 18:00:00,28.1,83,5.25,92,0.4,972.0,1025.0
2025-07-18 19:00:00,27.9,82,4.75,88,0.0,972.3,1020.0
2025-07-18 20:00:00,27.6,82,4.65,89,0.0,973.0,965.0
2025-07-18 21:00:00,27.3,83,4.5,93,0.0,973.5,910.0
2025-07-18 22:00:00,27.0,84,4.04,98,0.0,973.3,790.0
2025-07-18 23:00:00,26.7,86,3.86,94,0.0,973.3,750.0
2025-07-19 00:00:00,26.4,88,4.07,95,0.0,972.8,715.0
2025-07-19 01:00:00,26.1,90,4.07,96,0.0,972.4,685.0
2025-07-19 02:00:00,25.8,91,3.93,97,0.0,972.0,655.0
2025-07-19 03:00:00,25.8,91,3.9,99,0.0,971.7,615.0
2025-07-19 04:00:00,25.8,91,3.98,102,0.0,971.8,610.0
2025-07-19 05:00:00,25.7,92,3.89,108,0.0,972.1,610.0
2025-07-19 06:00:00,26.2,90,4.01,121,0.0,972.8,625.0
2025-07-19 07:00:00,26.7,88,4.92,134,0.0,973.1,610.0
2025-07-19 08:00:00,27.7,83,4.21,137,0.0,973.7,750.0
2025-07-19 09:00:00,28.9,76,3.96,137,0.0,973.8,900.0
2025-07-19 10:00:00,30.0,70,4.14,136,0.0,973.4,1035.0
2025-07-19 11:00:00,30.9,66,3.88,142,0.0,973.2,1210.0
2025-07-19 12:00:00,31.5,63,3.77,145,0.0,972.8,1240.0
2025-07-19 13:00:00,31.7,62,3.6,151,0.0,972.0,1215.0
2025-07-19 14:00:00,31.6,63,3.5,158,0.0,971.2,1195.0
2025-07-19 15:00:00,31.7,63,3.28,159,0.0,970.6,1240.0
2025-07-19 16:00:00,31.8,63,2.75,155,0.0,970.1,1250.0
2025-07-19 17:00:00,31.5,66,2.14,143,0.0,969.6,900.0
2025-07-19 18:00:00,30.6,71,1.67,171,0.0,970.4,315.0
2025-07-19 19:00:00,29.3,77,1.26,146,0.0,970.7,95.0
2025-07-19 20:00:00,28.8,80,1.53,148,0.0,971.0,95.0
2025-07-19 21:00:00,28.4,80,2.0,167,0.0,972.0,135.0
2025-07-19 22:00:00,28.0,81,1.9,166,0.0,972.6,110.0
2025-07-19 23:00:00,27.7,83,2.06,176,0.0,972.5,140.0
2025-07-20 00:00:00,27.3,85,1.96,184,0.0,972.7,155.0
2025-07-20 01:00:00,26.9,86,1.63,191,0.0,972.6,110.0
2025-07-20 02:00:00,26.4,88,1.28,211,0.0,972.1,75.0
2025-07-20 03:00:00,26.1,89,1.17,220,0.0,971.7,55.0
2025-07-20 04:00:00,26.0,89,1.31,223,0.0,972.0,55.0
2025-07-20 05:00:00,26.0,88,1.57,233,0.0,972.1,75.0
2025-07-20 06:00:00,27.1,87,1.66,226,0.0,972.4,105.0
2025-07-20 07:00:00,28.1,84,1.59,224,0.0,972.7,310.0
2025-07-20 08:00:00,29.2,77,1.9,240,0.0,972.9,490.0
2025-07-20 09:00:00,30.1,73,1.89,238,0.0,973.1,700.0
2025-07-20 10:00:00,31.1,69,2.01,235,0.0,973.2,905.0
2025-07-20 11:00:00,32.0,65,2.02,222,0.0,972.8,1095.0
2025-07-20 12:00:00,32.8,61,2.2,219,0.0,972.3,1270.0
2025-07-20 13:00:00,33.3,59,2.56,219,0.0,971.5,1375.0
2025-07-20 14:00:00,33.5,57,2.48,223,0.0,970.8,1465.0
2025-07-20 15:00:00,33.7,56,1.91,227,0.0,970.3,1485.0
2025-07-20 16:00:00,33.9,54,1.56,225,0.0,969.9,1540.0
2025-07-20 17:00:00,33.1,62,1.46,196,0.0,970.1,1290.0
2025-07-20 18:00:00,31.4,72,0.95,180,0.0,971.4,110.0
2025-07-20 19:00:00,30.4,79,0.73,164,0.0,971.8,40.0
2025-07-20 20:00:00,29.7,80,1.12,190,0.0,972.3,60.0
2025-07-20 21:00:00,29.1,82,1.37,190,0.0,973.0,70.0
2025-07-20 22:00:00,28.6,83,1.6,180,0.0,973.8,75.0
2025-07-20 23:00:00,28.2,83,2.01,184,0.0,973.7,115.0
2025-07-21 00:00:00,27.9,81,2.13,204,0.0,973.7,150.0
2025-07-21 01:00:00,27.5,82,1.88,220,0.0,973.4,120.0
2025-07-21 02:00:00,27.1,83,1.52,221,0.0,973.3,85.0
2025-07-21 03:00:00,26.8,84,1.86,234,0.0,972.8,95.0
2025-07-21 04:00:00,26.6,85,1.54,245,0.0,973.0,85.0
2025-07-21 05:00:00,26.3,87,1.28,249,0.0,973.6,65.0
2025-07-21 06:00:00,27.6,86,1.32,217,0.0,974.4,70.0
2025-07-21 07:00:00,27.8,86,1.21,150,0.2,975.4,95.0
2025-07-21 08:00:00,28.2,85,0.97,159,0.2,976.2,130.0
2025-07-21 09:00:00,28.9,82,1.86,156,0.0,976.4,235.0
2025-07-21 10:00:00,29.3,78,1.52,153,0.0,976.6,375.0
2025-07-21 11:00:00,29.6,76,0.97,159,0.0,976.5,485.0
2025-07-21 12:00:00,29.5,76,1.35,132,0.0,975.9,460.0
2025-07-21 13:00:00,30.2,72,1.1,114,0.0,975.1,665.0
2025-07-21 14:00:00,30.5,71,0.87,103,0.0,974.2,705.0
2025-07-21 15:00:00,30.8,70,0.9,93,0.0,973.4,750.0
2025-07-21 16:00:00,30.7,70,0.95,87,0.0,972.9,715.0
2025-07-21 17:00:00,30.5,71,0.96,84,0.0,972.5,690.0
2025-07-21 18:00:00,28.8,81,1.41,63,0.0,974.0,270.0
2025-07-21 19:00:00,28.1,86,1.05,93,0.0,974.0,140.0
2025-07-21 20:00:00,27.6,89,0.79,125,0.0,974.0,60.0
2025-07-21 21:00:00,27.3,90,0.66,99,0.0,974.4,45.0
2025-07-21 22:00:00,26.9,92,0.95,93,0.0,974.8,65.0
2025-07-21 23:00:00,26.5,93,0.65,122,0.0,975.2,35.0
2025-07-22 00:00:00,26.3,92,0.89,153,0.0,974.9,40.0
2025-07-22 01:00:00,26.1,91,1.2,163,0.0,974.4,50.0
2025-07-22 02:00:00,25.9,93,0.79,162,0.0,974.1,40.0
2025-07-22 03:00:00,25.8,92,1.19,147,0.0,974.1,45.0
2025-07-22 04:00:00,25.9,91,1.39,154,0.0,974.2,60.0
2025-07-22 05:00:00,25.8,92,1.35,149,0.0,974.3,60.0
2025-07-22 06:00:00,26.7,92,3.06,232,0.5,975.2,315.0
2025-07-22 07:00:00,27.0,88,0.27,202,0.0,974.8,90.0
2025-07-22 08:00:00,28.2,85,1.67,261,0.0,975.1,260.0
2025-07-22 09:00:00,29.7,76,1.46,301,0.0,975.2,455.0
2025-07-22 10:00:00,30.9,72,1.41,315,0.0,974.9,630.0
2025-07-22 11:00:00,32.1,66,0.85,332,0.0,974.2,845.0
2025-07-22 12:00:00,33.0,61,0.35,278,0.0,973.6,1100.0
2025-07-22 13:00:00,33.3,59,1.02,281,0.0,972.6,1130.0
2025-07-22 14:00:00,33.8,57,1.34,297,0.0,971.5,1255.0
2025-07-22 15:00:00,33.9,56,1.85,289,0.0,970.6,1320.0
2025-07-22 16:00:00,33.4,58,1.95,283,0.0,969.8,1150.0
2025-07-22 17:00:00,32.9,61,1.8,273,0.0,969.4,980.0
2025-07-22 18:00:00,31.1,73,0.99,300,0.0,971.0,215.0
2025-07-22 19:00:00,30.1,80,0.67,243,0.0,971.2,40.0
2025-07-22 20:00:00,29.5,81,1.1,223,0.0,971.6,70.0
2025-07-22 21:00:00,28.9,84,0.83,205,0.0,972.1,40.0
2025-07-22 22:00:00,28.6,84,0.78,207,0.0,971.9,30.0
2025-07-22 23:00:00,28.2,84,1.14,203,0.0,972.1,50.0
2025-07-23 00:00:00,27.9,83,1.2,197,0.0,971.9,60.0
2025-07-23 01:00:00,27.6,87,0.56,117,0.0,971.7,30.0
2025-07-23 02:00:00,27.3,85,1.4,182,0.0,971.0,65.0
2025-07-23 03:00:00,27.2,85,1.36,174,0.0,970.8,80.0
2025-07-23 04:00:00,26.9,86,1.42,162,0.0,970.6,80.0
2025-07-23 05:00:00,26.6,87,1.25,180,0.0,970.9,65.0
2025-07-23 06:00:00,27.8,87,2.0,283,0.0,970.9,290.0
2025-07-23 07:00:00,28.7,84,1.12,350,0.0,971.6,410.0
2025-07-23 08:00:00,29.1,80,2.33,279,0.0,972.3,655.0
2025-07-23 09:00:00,28.5,80,3.29,287,0.1,972.6,555.0
2025-07-23 10:00:00,29.9,76,1.65,284,0.1,972.1,540.0
2025-07-23 11:00:00,30.7,74,1.16,245,0.3,971.5,630.0
2025-07-23 12:00:00,31.7,71,1.53,251,0.1,970.6,890.0
2025-07-23 13:00:00,32.1,71,2.26,265,0.1,969.6,1055.0
2025-07-23 14:00:00,31.9,71,2.21,275,0.2,968.4,820.0
2025-07-23 15:00:00,32.2,70,2.75,286,0.2,967.7,960.0
2025-07-23 16:00:00,32.1,71,2.46,297,0.0,967.1,875.0
2025-07-23 17:00:00,32.0,72,2.1,295,0.0,967.0,815.0
2025-07-23 18:00:00,29.2,84,1.27,222,0.0,968.9,300.0
2025-07-23 19:00:00,28.5,89,1.07,208,0.0,969.2,115.0
2025-07-23 20:00:00,28.2,91,1.59,208,0.0,969.7,90.0
2025-07-23 21:00:00,28.0,91,1.8,214,0.0,970.1,95.0
2025-07-23 22:00:00,27.9,91,1.93,211,0.0,970.5,100.0
2025-07-23 23:00:00,27.7,90,2.12,207,0.0,970.6,120.0
2025-07-24 00:00:00,27.6,89,1.9,215,0.0,970.2,130.0
2025-07-24 01:00:00,27.3,90,1.32,217,0.0,970.0,95.0
2025-07-24 02:00:00,27.0,90,0.97,235,0.0,969.7,70.0
2025-07-24 03:00:00,26.8,91,0.74,222,0.0,969.3,50.0
2025-07-24 04:00:00,25.4,94,2.87,229,1.7,969.8,190.0
2025-07-24 05:00:00,24.6,96,2.93,247,0.7,969.9,125.0
2025-07-24 06:00:00,27.5,84,2.72,287,0.0,969.7,355.0
2025-07-24 07:00:00,28.1,84,2.28,285,0.0,970.2,365.0
2025-07-24 08:00:00,29.0,81,2.41,276,0.0,970.7,475.0
2025-07-24 09:00:00,30.8,73,2.82,287,0.0,971.1,500.0
2025-07-24 10:00:00,32.0,68,2.76,292,0.0,971.4,705.0
2025-07-24 11:00:00,33.0,63,2.62,301,0.0,971.0,1040.0
2025-07-24 12:00:00,33.7,58,2.43,307,0.0,970.1,1205.0
2025-07-24 13:00:00,34.2,56,2.49,308,0.0,969.0,1305.0
2025-07-24 14:00:00,34.5,55,2.29,302,0.0,967.8,1325.0
2025-07-24 15:00:00,34.6,54,2.5,307,0.0,967.0,1425.0
2025-07-24 16:00:00,34.3,55,2.61,302,0.0,966.2,1425.0
2025-07-24 17:00:00,33.5,61,2.48,298,0.0,966.0,1265.0
2025-07-24 18:00:00,31.9,70,1.5,291,0.0,967.5,215.0
2025-07-24 19:00:00,30.4,76,1.39,285,0.0,967.9,75.0
2025-07-24 20:00:00,29.9,77,1.5,272,0.0,968.5,65.0
2025-07-24 21:00:00,29.5,77,2.75,286,0.0,969.4,265.0
2025-07-24 22:00:00,28.8,79,2.07,302,0.0,969.8,190.0
2025-07-24 23:00:00,28.2,81,1.76,285,0.0,970.1,110.0
2025-07-25 00:00:00,27.7,83,1.91,276,0.0,969.6,110.0
2025-07-25 01:00:00,27.2,85,1.93,291,0.0,969.3,125.0
2025-07-25 02:00:00,26.8,87,1.95,299,0.0,968.7,115.0
2025-07-25 03:00:00,26.7,87,1.97,297,0.0,968.2,125.0
2025-07-25 04:00:00,26.5,88,2.01,289,0.0,968.4,110.0
2025-07-25 05:00:00,26.3,88,1.92,285,0.0,968.9,110.0
2025-07-25 06:00:00,28.2,85,2.06,296,0.0,969.1,135.0
2025-07-25 07:00:00,29.0,85,1.46,276,0.0,969.5,145.0
2025-07-25 08:00:00,30.5,79,1.86,284,0.0,970.0,295.0
2025-07-25 09:00:00,32.0,70,2.56,282,0.0,970.5,660.0
2025-07-25 10:00:00,33.2,62,3.07,289,0.0,970.5,1170.0
2025-07-25 11:00:00,33.9,57,3.12,305,0.0,970.0,1370.0
2025-07-25 12:00:00,34.3,55,2.9,312,0.0,969.6,1405.0
2025-07-25 13:00:00,34.6,53,2.91,309,0.0,968.7,1395.0
2025-07-25 14:00:00,35.0,54,2.72,306,0.0,967.9,1440.0
2025-07-25 15:00:00,35.1,54,2.66,310,0.0,967.1,1480.0
2025-07-25 16:00:00,34.6,55,2.86,314,0.0,966.4,1430.0
2025-07-25 17:00:00,34.0,61,1.66,314,0.0,966.6,1280.0
2025-07-25 18:00:00,33.0,67,1.35,292,0.0,967.2,135.0
2025-07-25 19:00:00,31.6,73,1.11,278,0.0,968.0,50.0
2025-07-25 20:00:00,31.0,77,0.81,259,0.0,968.9,25.0
2025-07-25 21:00:00,30.7,78,0.25,217,0.0,970.2,15.0
2025-07-25 22:00:00,30.4,78,0.18,326,0.0,970.0,10.0
2025-07-25 23:00:00,29.9,79,0.55,85,0.4,970.6,20.0
2025-07-26 00:00:00,29.7,78,3.26,79,0.1,970.3,225.0
2025-07-26 01:00:00,28.1,87,2.63,99,0.0,970.0,200.0
2025-07-26 02:00:00,27.6,90,0.8,86,0.0,970.1,145.0
2025-07-26 03:00:00,27.1,92,2.06,86,0.0,969.7,190.0
2025-07-26 04:00:00,26.7,93,1.69,78,0.0,969.6,185.0
2025-07-26 05:00:00,26.3,95,0.62,76,0.0,969.8,75.0
2025-07-26 06:00:00,26.9,93,0.92,151,0.7,971.0,120.0
2025-07-26 07:00:00,27.1,93,1.19,202,0.1,971.1,165.0
2025-07-26 08:00:00,28.1,87,1.16,187,0.0,971.3,330.0
2025-07-26 09:00:00,29.9,79,0.86,144,0.0,971.8,585.0
2025-07-26 10:00:00,30.6,75,0.72,124,0.0,971.6,720.0
2025-07-26 11:00:00,31.2,73,0.16,162,0.0,971.4,600.0
2025-07-26 12:00:00,32.1,70,0.46,167,0.0,970.9,770.0
2025-07-26 13:00:00,32.7,67,0.45,174,0.0,970.0,840.0
2025-07-26 14:00:00,33.5,62,0.3,189,0.0,969.0,940.0
2025-07-26 15:00:00,34.0,58,0.22,207,0.0,968.0,865.0
2025-07-26 16:00:00,34.0,59,0.81,169,0.0,967.8,840.0
2025-07-26 17:00:00,33.3,62,1.17,137,0.0,968.0,560.0
2025-07-26 18:00:00,31.8,76,0.97,159,0.0,968.9,110.0
2025-07-26 19:00:00,30.8,82,1.12,170,0.0,969.8,105.0
2025-07-26 20:00:00,30.4,83,1.48,204,0.0,970.3,120.0
2025-07-26 21:00:00,30.0,84,1.52,189,0.0,970.9,115.0
2025-07-26 22:00:00,29.5,85,1.25,185,0.0,971.0,105.0
2025-07-26 23:00:00,29.1,88,0.51,101,0.0,971.0,30.0
2025-07-27 00:00:00,28.8,90,0.35,90,0.0,970.7,20.0
2025-07-27 01:00:00,28.5,91,1.1,93,0.0,970.6,50.0
2025-07-27 02:00:00,28.2,92,1.76,97,0.0,970.2,95.0
2025-07-27 03:00:00,27.9,92,1.32,99,0.0,970.1,80.0
2025-07-27 04:00:00,27.9,90,2.16,132,0.0,970.3,90.0
2025-07-27 05:00:00,28.0,84,1.4,145,0.0,970.6,95.0
2025-07-27 06:00:00,28.4,91,1.3,74,0.0,970.9,140.0
2025-07-27 07:00:00,29.1,87,1.03,61,0.0,971.5,375.0
2025-07-27 08:00:00,30.4,78,2.09,79,0.0,971.9,780.0
2025-07-27 09:00:00,31.2,71,3.18,98,0.1,971.6,845.0
2025-07-27 10:00:00,31.8,71,2.94,100,0.3,971.1,940.0
2025-07-27 11:00:00,32.8,68,2.43,104,0.0,970.6,1075.0
2025-07-27 12:00:00,33.7,63,2.03,106,0.0,970.4,1220.0
2025-07-27 13:00:00,34.2,60,1.88,101,0.0,969.6,1245.0
2025-07-27 14:00:00,34.4,59,1.97,99,0.0,968.6,1250.0
2025-07-27 15:00:00,34.4,59,2.06,94,0.0,967.8,1230.0
2025-07-27 16:00:00,34.2,58,2.16,94,0.0,967.2,1175.0
2025-07-27 17:00:00,33.6,62,2.3,103,0.0,967.3,970.0
2025-07-27 18:00:00,31.7,71,1.85,87,0.0,968.9,610.0
2025-07-27 19:00:00,30.8,76,1.5,86,0.0,969.2,205.0
2025-07-27 20:00:00,30.4,78,1.45,92,0.0,969.9,225.0
2025-07-27 21:00:00,30.0,77,1.76,95,0.0,970.8,235.0
2025-07-27 22:00:00,29.6,78,1.81,104,0.0,970.9,200.0
2025-07-27 23:00:00,29.0,80,1.5,105,0.0,970.8,160.0
2025-07-28 00:00:00,28.6,84,1.15,92,0.0,970.4,105.0
2025-07-28 01:00:00,28.5,86,0.91,84,0.0,970.2,85.0
2025-07-28 02:00:00,28.1,87,1.02,101,0.0,969.8,95.0
2025-07-28 03:00:00,27.8,88,1.07,101,0.0,969.5,85.0
2025-07-28 04:00:00,27.6,89,1.25,95,0.0,969.3,95.0
2025-07-28 05:00:00,27.4,90,1.27,132,0.0,969.7,100.0
2025-07-28 06:00:00,28.6,87,1.38,139,0.0,970.6,160.0
2025-07-28 07:00:00,29.3,84,1.2,132,0.0,971.0,290.0
2025-07-28 08:00:00,30.6,75,1.34,135,0.0,971.4,515.0
2025-07-28 09:00:00,31.7,69,1.03,157,0.0,971.7,715.0
2025-07-28 10:00:00,32.7,63,0.67,132,0.0,971.7,945.0
2025-07-28 11:00:00,33.7,59,0.57,165,0.0,971.1,1120.0
2025-07-28 12:00:00,34.2,56,0.14,135,0.1,970.9,1260.0
2025-07-28 13:00:00,34.3,56,0.46,139,0.4,970.3,1240.0
2025-07-28 14:00:00,34.7,56,0.43,159,0.1,969.1,1215.0
2025-07-28 15:00:00,34.9,56,0.35,188,0.0,968.3,1325.0
2025-07-28 16:00:00,35.1,57,0.92,229,0.0,967.6,1465.0
2025-07-28 17:00:00,34.1,61,1.25,275,0.2,967.8,535.0
2025-07-28 18:00:00,32.1,69,1.1,156,0.4,969.6,465.0
2025-07-28 19:00:00,30.7,80,1.52,153,0.1,970.3,115.0
2025-07-28 20:00:00,30.0,82,1.68,127,0.0,970.8,150.0
2025-07-28 21:00:00,29.6,83,2.13,114,0.0,971.6,365.0
2025-07-28 22:00:00,29.1,85,2.26,115,0.0,972.1,320.0
2025-07-28 23:00:00,28.5,88,2.15,126,0.0,971.8,275.0
2025-07-29 00:00:00,28.0,90,1.63,113,0.0,971.6,220.0
2025-07-29 01:00:00,27.6,92,1.25,143,0.1,971.3,210.0
2025-07-29 02:00:00,27.4,93,1.23,153,0.0,970.6,200.0
2025-07-29 03:00:00,27.2,95,1.38,136,0.0,970.4,195.0
2025-07-29 04:00:00,27.1,95,1.95,113,0.0,970.4,215.0
2025-07-29 05:00:00,26.8,95,2.08,150,0.0,970.8,265.0
2025-07-29 06:00:00,26.3,97,0.85,90,0.9,971.2,95.0
2025-07-29 07:00:00,26.7,94,0.78,140,0.3,971.9,145.0
2025-07-29 08:00:00,27.3,89,1.67,129,0.6,972.0,220.0
2025-07-29 09:00:00,28.6,85,0.45,186,0.1,972.3,350.0
2025-07-29 10:00:00,29.6,81,0.63,198,0.1,972.3,645.0
2025-07-29 11:00:00,30.3,78,0.92,209,0.0,971.8,620.0
2025-07-29 12:00:00,30.7,77,0.45,117,0.2,971.3,645.0
2025-07-29 13:00:00,31.8,73,0.46,77,0.3,970.6,805.0
2025-07-29 14:00:00,32.5,70,0.76,79,0.1,969.6,1060.0
2025-07-29 15:00:00,31.1,74,2.33,81,2.1,968.8,425.0
2025-07-29 16:00:00,29.3,85,1.46,84,0.4,968.8,335.0
2025-07-29 17:00:00,29.7,84,1.14,15,0.1,968.7,325.0
2025-07-29 18:00:00,29.4,79,1.55,90,0.0,970.4,540.0
2025-07-29 19:00:00,28.8,82,1.42,80,0.0,970.9,380.0
2025-07-29 20:00:00,28.2,85,2.05,90,0.0,971.5,375.0
2025-07-29 21:00:00,27.9,87,2.0,93,0.0,972.5,380.0
2025-07-29 22:00:00,27.7,88,1.82,99,0.0,972.7,315.0
2025-07-29 23:00:00,27.3,89,1.87,99,0.0,972.8,345.0
2025-07-30 00:00:00,27.1,89,2.17,98,0.0,972.6,370.0
2025-07-30 01:00:00,26.7,91,2.31,95,0.0,972.0,355.0
2025-07-30 02:00:00,26.4,93,2.25,94,0.0,971.6,350.0
2025-07-30 03:00:00,26.2,95,2.35,92,0.0,971.3,330.0
2025-07-30 04:00:00,26.1,95,2.25,86,0.0,971.5,340.0
2025-07-30 05:00:00,25.9,96,1.85,90,0.0,971.7,325.0
2025-07-30 06:00:00,26.0,97,2.69,80,0.7,971.8,290.0
2025-07-30 07:00:00,26.0,96,2.28,99,0.5,972.1,250.0
2025-07-30 08:00:00,26.9,91,2.86,94,0.4,972.5,360.0
2025-07-30 09:00:00,28.0,89,2.45,94,0.2,973.1,585.0
2025-07-30 10:00:00,29.7,80,3.17,111,0.1,973.1,855.0
2025-07-30 11:00:00,30.8,76,2.88,110,0.1,972.4,1055.0
2025-07-30 12:00:00,30.9,74,2.48,118,0.1,971.8,885.0
2025-07-30 13:00:00,30.6,76,2.8,109,4.3,971.1,555.0
2025-07-30 14:00:00,28.0,90,2.81,95,4.8,970.4,325.0
2025-07-30 15:00:00,28.8,86,2.06,113,0.3,969.9,360.0
2025-07-30 16:00:00,30.2,81,1.59,118,0.1,969.4,515.0
2025-07-30 17:00:00,29.1,82,1.67,129,5.6,969.8,285.0
2025-07-30 18:00:00,27.4,92,2.59,100,0.2,971.3,300.0
2025-07-30 19:00:00,26.7,95,1.98,80,0.3,971.8,205.0
2025-07-30 20:00:00,26.5,95,1.96,84,0.2,972.2,205.0
2025-07-30 21:00:00,26.5,96,2.26,103,0.2,972.8,260.0
2025-07-30 22:00:00,26.3,98,2.32,104,0.2,973.3,285.0
2025-07-30 23:00:00,26.1,99,2.62,114,0.1,973.3,265.0
2025-07-31 00:00:00,26.2,98,2.41,124,0.3,973.0,290.0
2025-07-31 01:00:00,25.8,97,2.74,149,1.6,972.6,265.0
2025-07-31 02:00:00,25.5,99,1.68,150,4.8,972.3,180.0
2025-07-31 03:00:00,25.2,99,1.84,151,6.8,971.8,250.0
2025-07-31 04:00:00,25.2,99,1.97,144,3.7,972.0,225.0
2025-07-31 05:00:00,25.2,99,1.58,125,1.0,972.2,245.0
2025-07-31 06:00:00,25.4,98,1.98,139,2.6,972.4,280.0
2025-07-31 07:00:00,25.3,96,1.24,130,7.5,973.1,195.0
2025-07-31 08:00:00,25.5,96,2.27,123,2.6,973.4,300.0
2025-07-31 09:00:00,25.9,92,2.67,150,0.5,973.8,250.0
2025-07-31 10:00:00,27.7,86,2.7,146,0.4,973.9,480.0
2025-07-31 11:00:00,28.4,83,2.69,151,0.2,973.3,540.0
2025-07-31 12:00:00,29.3,81,2.63,159,0.1,972.5,570.0
2025-07-31 13:00:00,29.4,78,2.57,153,0.0,971.7,660.0
2025-07-31 14:00:00,29.9,76,1.86,156,0.0,971.2,715.0
2025-07-31 15:00:00,30.5,73,1.86,166,0.0,970.6,830.0
2025-07-31 16:00:00,31.1,70,1.3,184,0.0,970.1,920.0
2025-07-31 17:00:00,31.1,71,0.79,162,0.0,970.1,820.0
2025-07-31 18:00:00,28.8,83,0.85,208,0.0,972.6,240.0
2025-07-31 19:00:00,27.9,87,0.82,284,0.1,972.6,180.0
2025-07-31 20:00:00,27.6,89,0.88,47,0.0,973.2,70.0
2025-07-31 21:00:00,27.2,93,0.83,65,0.0,974.2,85.0
2025-07-31 22:00:00,27.1,94,0.57,135,0.0,974.2,75.0
2025-07-31 23:00:00,27.0,95,0.89,128,0.0,974.1,95.0
2025-08-01 00:00:00,26.4,90,0.81,202,0.7,974.0,90.0
2025-08-01 01:00:00,26.1,93,1.07,127,0.4,973.6,55.0
2025-08-01 02:00:00,25.9,96,1.67,131,0.0,972.9,90.0
2025-08-01 03:00:00,25.4,98,1.22,145,0.0,972.8,95.0
2025-08-01 04:00:00,25.2,99,0.9,180,0.0,973.3,85.0
2025-08-01 05:00:00,25.2,99,0.76,169,0.0,973.4,70.0
2025-08-01 06:00:00,25.6,96,1.6,238,0.1,973.7,205.0
2025-08-01 07:00:00,26.4,92,0.58,211,0.0,973.8,185.0
2025-08-01 08:00:00,27.7,86,1.41,243,0.0,974.4,425.0
2025-08-01 09:00:00,29.1,78,1.84,248,0.0,974.8,550.0
2025-08-01 10:00:00,29.9,74,1.45,229,0.1,974.5,690.0
2025-08-01 11:00:00,30.9,71,1.04,197,0.1,974.2,885.0
2025-08-01 12:00:00,31.5,71,1.22,171,0.1,973.6,1040.0
2025-08-01 13:00:00,32.0,69,1.43,205,0.2,972.8,1090.0
2025-08-01 14:00:00,32.0,68,1.99,231,0.1,971.7,1055.0
2025-08-01 15:00:00,30.9,74,3.48,254,2.2,971.5,560.0
2025-08-01 16:00:00,29.1,84,1.32,241,1.5,971.5,325.0
2025-08-01 17:00:00,29.1,84,0.92,319,0.0,971.8,320.0
2025-08-01 18:00:00,28.4,88,0.38,247,0.0,973.1,130.0
2025-08-01 19:00:00,27.8,93,0.58,149,0.0,973.6,25.0
2025-08-01 20:00:00,27.8,94,0.63,209,0.0,974.0,25.0
2025-08-01 21:00:00,27.9,90,1.35,231,0.0,974.6,95.0
2025-08-01 22:00:00,27.7,85,1.96,251,0.0,974.7,230.0
2025-08-01 23:00:00,27.3,84,1.61,263,0.0,974.4,125.0
2025-08-02 00:00:00,26.9,85,1.68,247,0.0,973.9,110.0
2025-08-02 01:00:00,26.7,86,1.98,254,0.0,973.1,195.0
2025-08-02 02:00:00,26.5,87,1.71,255,0.0,972.6,215.0
2025-08-02 03:00:00,26.2,88,1.43,245,0.0,972.9,140.0
2025-08-02 04:00:00,26.0,89,1.48,242,0.0,973.3,145.0
2025-08-02 05:00:00,25.8,90,1.61,244,0.0,973.7,170.0
2025-08-02 06:00:00,27.3,86,1.87,250,0.0,973.9,265.0
2025-08-02 07:00:00,27.9,85,1.63,259,0.0,974.6,480.0
2025-08-02 08:00:00,28.6,81,1.82,254,0.0,975.0,580.0
2025-08-02 09:00:00,29.1,78,1.83,253,0.0,975.6,695.0
2025-08-02 10:00:00,29.9,74,2.26,257,0.0,975.7,725.0
2025-08-02 11:00:00,31.1,71,2.55,244,0.0,975.4,985.0
2025-08-02 12:00:00,32.0,68,2.69,248,0.1,974.5,1155.0
2025-08-02 13:00:00,32.2,66,3.04,256,0.1,973.2,1120.0
2025-08-02 14:00:00,32.2,66,3.0,268,0.1,972.2,1040.0
2025-08-02 15:00:00,32.4,66,2.65,270,0.1,971.9,1150.0
2025-08-02 16:00:00,31.9,69,2.55,267,0.0,971.4,980.0
2025-08-02 17:00:00,30.7,78,1.7,230,2.1,971.5,340.0
2025-08-02 18:00:00,30.3,74,2.09,287,0.0,973.2,530.0
2025-08-02 19:00:00,29.4,75,2.55,273,0.0,973.8,385.0
2025-08-02 20:00:00,28.5,79,2.03,260,0.0,974.5,260.0
2025-08-02 21:00:00,28.4,80,1.82,254,0.0,974.8,200.0
2025-08-02 22:00:00,28.3,81,1.39,240,0.0,974.6,125.0
2025-08-02 23:00:00,28.1,83,1.24,220,0.0,974.6,95.0
2025-08-03 00:00:00,27.9,82,1.84,202,0.0,974.8,130.0
2025-08-03 01:00:00,27.7,82,2.35,209,0.0,974.3,180.0
2025-08-03 02:00:00,27.3,84,2.25,212,0.0,973.7,150.0
2025-08-03 03:00:00,26.9,86,2.49,195,0.0,973.7,170.0
2025-08-03 04:00:00,26.7,89,2.32,213,0.0,974.0,165.0
2025-08-03 05:00:00,26.9,88,2.26,227,0.0,974.2,175.0
2025-08-03 06:00:00,26.5,91,3.38,245,0.1,974.6,365.0
2025-08-03 07:00:00,27.3,89,2.76,248,0.0,975.1,385.0
2025-08-03 08:00:00,28.9,81,2.41,257,0.0,975.8,675.0
2025-08-03 09:00:00,30.0,72,2.85,271,0.0,976.0,815.0
2025-08-03 10:00:00,30.9,68,3.2,280,0.0,976.3,955.0
2025-08-03 11:00:00,32.1,66,3.35,287,0.0,976.0,1125.0
2025-08-03 12:00:00,32.6,65,3.18,292,0.0,975.7,1125.0
2025-08-03 13:00:00,32.7,65,2.61,282,0.0,975.1,1255.0
2025-08-03 14:00:00,33.0,65,2.66,286,0.0,974.5,1395.0
2025-08-03 15:00:00,32.8,66,2.51,276,0.1,973.6,1265.0
2025-08-03 16:00:00,31.7,70,3.12,282,0.1,973.4,670.0
2025-08-03 17:00:00,31.2,74,1.67,279,0.0,973.3,575.0
2025-08-03 18:00:00,30.9,76,1.05,265,0.0,974.4,125.0
2025-08-03 19:00:00,29.9,79,1.39,232,0.0,974.7,85.0
2025-08-03 20:00:00,29.3,80,1.78,238,0.0,975.2,135.0
2025-08-03 21:00:00,28.8,79,1.9,240,0.0,976.0,130.0
2025-08-03 22:00:00,28.4,80,1.86,239,0.0,976.2,135.0
2025-08-03 23:00:00,28.0,83,1.39,240,0.0,976.4,105.0
2025-08-04 00:00:00,27.9,84,1.95,230,0.0,976.0,140.0
2025-08-04 01:00:00,27.4,88,1.03,227,0.0,975.6,135.0
2025-08-04 02:00:00,27.1,88,2.39,53,0.2,975.9,150.0
2025-08-04 03:00:00,26.2,94,1.52,131,0.2,975.5,85.0
2025-08-04 04:00:00,26.0,96,1.3,176,0.0,975.6,55.0
2025-08-04 05:00:00,26.2,94,1.46,196,0.0,975.8,75.0
2025-08-04 06:00:00,28.1,76,2.86,274,0.0,976.1,490.0
2025-08-04 07:00:00,28.2,76,3.68,263,0.0,976.8,535.0
2025-08-04 08:00:00,27.9,78,4.02,265,0.0,977.1,625.0
2025-08-04 09:00:00,28.5,78,3.59,261,0.0,977.6,620.0
2025-08-04 10:00:00,28.8,77,3.62,264,0.0,977.7,570.0
2025-08-04 11:00:00,29.0,78,2.77,264,0.0,977.7,575.0
2025-08-04 12:00:00,29.1,76,3.22,258,0.0,977.1,555.0
2025-08-04 13:00:00,29.7,75,3.08,257,0.0,976.6,540.0
2025-08-04 14:00:00,30.1,74,2.58,261,0.0,975.9,515.0
2025-08-04 15:00:00,30.3,75,2.16,263,0.0,975.1,510.0
2025-08-04 16:00:00,30.7,75,2.11,248,0.0,974.7,595.0
2025-08-04 17:00:00,29.9,79,2.06,219,0.0,974.7,380.0
2025-08-04 18:00:00,29.2,84,1.0,186,0.0,975.6,80.0
2025-08-04 19:00:00,28.5,87,1.05,180,0.0,975.7,70.0
2025-08-04 20:00:00,28.4,86,1.9,178,0.0,976.2,125.0
2025-08-04 21:00:00,28.3,87,2.13,189,0.0,977.0,155.0
2025-08-04 22:00:00,28.1,88,2.02,200,0.0,977.1,150.0
2025-08-04 23:00:00,27.8,87,2.41,201,0.0,976.6,170.0
2025-08-05 00:00:00,27.5,87,2.51,203,0.0,976.3,175.0
2025-08-05 01:00:00,27.2,87,2.07,200,0.0,975.6,155.0
2025-08-05 02:00:00,27.0,86,2.26,211,0.0,975.1,165.0
2025-08-05 03:00:00,26.9,87,2.23,228,0.0,975.0,195.0
2025-08-05 04:00:00,27.1,85,2.75,245,0.0,975.2,285.0
2025-08-05 05:00:00,27.1,83,2.84,261,0.0,975.4,390.0
2025-08-05 06:00:00,27.3,79,3.37,264,0.0,975.4,425.0
2025-08-05 07:00:00,28.0,77,3.46,266,0.0,976.1,470.0
2025-08-05 08:00:00,28.6,77,2.9,268,0.0,976.5,535.0
2025-08-05 09:00:00,29.4,75,2.43,262,0.1,977.1,665.0
2025-08-05 10:00:00,29.5,77,0.42,225,0.3,977.7,835.0
2025-08-05 11:00:00,29.4,73,2.48,335,0.6,977.9,545.0
2025-08-05 12:00:00,27.3,84,0.78,220,1.4,977.5,140.0
2025-08-05 13:00:00,26.8,95,2.04,115,2.0,976.9,140.0
2025-08-05 14:00:00,27.4,92,2.14,164,0.8,976.1,180.0
2025-08-05 15:00:00,28.4,87,1.8,182,0.2,975.7,220.0
2025-08-05 16:00:00,28.4,86,1.76,173,0.0,975.8,240.0
2025-08-05 17:00:00,28.4,87,1.05,180,0.0,975.6,215.0
2025-08-05 18:00:00,28.2,88,0.81,112,0.4,976.2,40.0
2025-08-05 19:00:00,27.6,92,1.59,114,0.0,976.7,85.0
2025-08-05 20:00:00,27.4,90,1.78,122,0.0,977.1,95.0
2025-08-05 21:00:00,27.1,90,2.07,143,0.0,977.6,110.0
2025-08-05 22:00:00,27.0,89,2.36,148,0.0,977.8,145.0
2025-08-05 23:00:00,26.9,89,2.1,155,0.0,977.3,140.0
2025-08-06 00:00:00,26.8,89,2.28,165,0.0,977.1,150.0
2025-08-06 01:00:00,26.7,90,2.5,164,0.0,976.5,200.0
2025-08-06 02:00:00,26.5,91,2.56,176,0.0,975.9,185.0
2025-08-06 03:00:00,26.1,92,2.25,197,0.0,976.1,170.0
2025-08-06 04:00:00,26.2,90,1.91,237,0.0,976.7,175.0
2025-08-06 05:00:00,26.1,87,1.95,270,0.0,977.2,215.0
2025-08-06 06:00:00,26.9,82,2.5,258,0.2,977.6,390.0
2025-08-06 07:00:00,27.2,81,2.5,254,0.0,977.8,435.0
2025-08-06 08:00:00,28.1,78,2.18,254,0.0,978.5,515.0
2025-08-06 09:00:00,29.0,75,2.61,265,0.0,978.8,570.0
2025-08-06 10:00:00,30.1,72,2.36,265,0.0,978.8,640.0
2025-08-06 11:00:00,30.4,71,1.86,264,0.0,978.7,670.0
2025-08-06 12:00:00,30.8,71,1.56,276,0.0,978.4,720.0
2025-08-06 13:00:00,31.2,70,1.51,304,0.0,977.5,775.0
2025-08-06 14:00:00,31.6,68,1.19,292,0.1,976.6,870.0
2025-08-06 15:00:00,32.1,66,1.08,283,0.0,975.6,970.0
2025-08-06 16:00:00,31.7,67,1.0,270,0.1,974.9,515.0
2025-08-06 17:00:00,29.2,75,2.38,260,0.4,974.9,370.0
2025-08-06 18:00:00,29.8,78,1.6,309,0.0,975.5,260.0
2025-08-06 19:00:00,28.7,83,1.17,290,0.0,975.9,90.0
2025-08-06 20:00:00,28.1,86,1.38,257,0.0,976.3,85.0
2025-08-06 21:00:00,28.0,87,1.11,262,0.0,976.7,65.0
2025-08-06 22:00:00,27.7,88,0.86,234,0.0,976.9,45.0
2025-08-06 23:00:00,27.5,87,1.31,227,0.0,976.8,55.0
2025-08-07 00:00:00,27.4,86,1.28,219,0.0,976.5,60.0
2025-08-07 01:00:00,27.1,87,1.42,212,0.0,976.0,70.0
2025-08-07 02:00:00,27.0,85,1.88,241,0.0,975.6,120.0
2025-08-07 03:00:00,26.8,82,2.15,271,0.0,975.8,180.0
2025-08-07 04:00:00,26.3,80,2.37,277,0.0,976.1,195.0
2025-08-07 05:00:00,25.9,79,2.47,277,0.0,976.2,200.0
2025-08-07 06:00:00,27.1,79,3.06,281,0.0,976.3,365.0
2025-08-07 07:00:00,27.9,77,3.04,279,0.0,976.8,420.0
2025-08-07 08:00:00,29.0,75,2.91,275,0.0,977.4,495.0
2025-08-07 09:00:00,30.3,72,3.04,279,0.0,977.6,655.0
2025-08-07 10:00:00,31.7,67,3.37,285,0.0,977.6,1015.0
2025-08-07 11:00:00,32.6,60,3.44,296,0.0,977.3,1180.0
2025-08-07 12:00:00,33.3,57,3.31,295,0.0,976.7,1300.0
2025-08-07 13:00:00,33.5,57,3.35,287,0.0,975.6,1295.0
2025-08-07 14:00:00,33.7,56,3.4,280,0.0,974.6,1370.0
2025-08-07 15:00:00,33.6,57,3.59,279,0.0,973.5,1430.0
2025-08-07 16:00:00,33.2,58,3.78,281,0.0,973.0,1415.0
2025-08-07 17:00:00,32.4,64,2.94,280,0.0,972.9,1305.0
2025-08-07 18:00:00,31.1,70,1.77,292,0.0,973.8,315.0
2025-08-07 19:00:00,30.0,74,1.94,282,0.0,973.8,160.0
2025-08-07 20:00:00,29.4,77,1.72,278,0.0,974.5,120.0
2025-08-07 21:00:00,29.0,79,1.66,249,0.0,975.4,80.0
2025-08-07 22:00:00,28.7,78,2.21,257,0.0,975.5,130.0
2025-08-07 23:00:00,28.3,77,2.17,262,0.0,975.5,145.0
2025-08-08 00:00:00,27.9,78,2.38,262,0.0,975.3,175.0
2025-08-08 01:00:00,27.6,78,2.62,262,0.0,974.9,205.0
2025-08-08 02:00:00,27.2,78,2.59,260,0.0,974.9,210.0
2025-08-08 03:00:00,26.9,77,2.96,265,0.0,974.8,255.0
2025-08-08 04:00:00,26.7,76,3.0,272,0.0,975.2,300.0
2025-08-08 05:00:00,26.3,77,2.7,269,0.0,975.5,285.0
2025-08-08 06:00:00,27.8,72,3.56,273,0.0,975.7,460.0
2025-08-08 07:00:00,28.2,71,3.65,270,0.0,976.2,500.0
2025-08-08 08:00:00,29.2,71,3.0,273,0.0,976.6,570.0
2025-08-08 09:00:00,30.2,68,3.18,283,0.0,977.0,680.0
2025-08-08 10:00:00,31.2,66,3.07,286,0.0,977.4,765.0
2025-08-08 11:00:00,31.3,66,2.75,280,0.0,977.5,720.0
2025-08-08 12:00:00,31.9,65,2.46,275,0.0,977.5,755.0
2025-08-08 13:00:00,32.8,61,2.55,281,0.0,977.1,940.0
2025-08-08 14:00:00,32.8,59,2.29,290,0.0,976.4,940.0
2025-08-08 15:00:00,32.8,59,1.78,302,0.0,976.1,985.0
2025-08-08 16:00:00,32.5,63,1.13,319,0.0,975.9,390.0
2025-08-08 17:00:00,31.8,69,0.63,18,0.0,976.1,20.0
2025-08-08 18:00:00,31.8,66,0.9,357,0.0,977.0,20.0
2025-08-08 19:00:00,30.4,76,0.65,23,0.0,977.3,20.0
2025-08-08 20:00:00,29.7,77,1.14,67,0.0,978.2,55.0
2025-08-08 21:00:00,29.1,80,1.06,109,0.0,978.6,55.0
2025-08-08 22:00:00,28.7,80,1.81,129,0.0,979.0,85.0
2025-08-08 23:00:00,28.0,85,2.06,129,0.0,979.3,165.0
2025-08-09 00:00:00,27.7,88,1.49,104,0.0,978.9,100.0
2025-08-09 01:00:00,27.5,88,1.73,136,0.0,978.6,110.0
2025-08-09 02:00:00,27.4,88,1.81,152,0.0,978.3,130.0
2025-08-09 03:00:00,27.3,87,1.37,190,0.0,977.9,85.0
2025-08-09 04:00:00,27.1,87,1.25,178,0.0,978.3,95.0
2025-08-09 05:00:00,27.0,88,1.27,138,0.0,979.0,90.0
2025-08-09 06:00:00,27.0,87,1.95,296,0.0,979.1,300.0
2025-08-09 07:00:00,27.4,84,0.94,328,0.0,979.7,250.0
2025-08-09 08:00:00,27.3,86,0.81,68,0.2,980.3,75.0
2025-08-09 09:00:00,26.6,93,1.65,35,2.5,980.6,365.0
2025-08-09 10:00:00,26.0,93,2.36,343,2.5,980.2,235.0
2025-08-09 11:00:00,27.7,85,1.3,302,0.6,980.6,335.0
2025-08-09 12:00:00,28.6,80,1.57,301,0.1,979.9,450.0
2025-08-09 13:00:00,29.3,77,1.2,312,0.0,979.2,540.0
2025-08-09 14:00:00,29.9,75,1.14,322,0.3,978.6,660.0
2025-08-09 15:00:00,30.3,73,1.75,294,0.0,977.5,700.0
2025-08-09 16:00:00,30.1,74,1.88,287,0.0,976.7,720.0
2025-08-09 17:00:00,30.3,73,1.9,297,0.0,976.7,780.0
2025-08-09 18:00:00,27.3,84,1.47,325,0.0,977.9,335.0
2025-08-09 19:00:00,26.8,87,1.32,323,0.0,978.0,225.0
2025-08-09 20:00:00,26.5,89,1.15,342,0.0,978.3,135.0
2025-08-09 21:00:00,26.4,88,1.23,333,0.0,978.7,100.0
2025-08-09 22:00:00,26.2,90,0.86,306,0.0,978.5,45.0
2025-08-09 23:00:00,26.0,91,0.69,300,0.0,978.4,35.0
2025-08-10 00:00:00,25.8,92,0.51,259,0.0,978.3,25.0
2025-08-10 01:00:00,25.9,92,0.73,286,0.0,977.9,35.0
2025-08-10 02:00:00,25.9,92,0.76,302,0.0,977.8,40.0
2025-08-10 03:00:00,25.9,92,0.61,9,0.0,977.9,35.0
2025-08-10 04:00:00,25.8,91,1.03,39,0.1,978.3,55.0
2025-08-10 05:00:00,25.8,91,1.05,360,0.2,978.5,70.0
2025-08-10 06:00:00,26.4,93,1.0,323,0.0,978.4,160.0
2025-08-10 07:00:00,27.1,90,0.85,3,0.0,978.5,225.0
2025-08-10 08:00:00,28.2,86,1.01,9,0.0,979.0,355.0
2025-08-10 09:00:00,29.2,82,1.29,13,0.0,979.4,500.0
2025-08-10 10:00:00,30.1,79,1.04,343,0.1,979.2,645.0
2025-08-10 11:00:00,30.9,76,1.1,336,0.2,978.9,840.0
2025-08-10 12:00:00,31.5,73,1.37,336,0.3,978.1,970.0
2025-08-10 13:00:00,31.7,73,1.35,321,0.3,977.5,960.0
2025-08-10 14:00:00,31.9,72,1.53,308,0.2,976.5,995.0
2025-08-10 15:00:00,31.9,72,1.67,311,0.2,975.1,990.0
2025-08-10 16:00:00,31.8,71,1.74,309,0.0,974.5,1015.0
2025-08-10 17:00:00,31.5,74,1.43,299,0.0,974.2,885.0
2025-08-10 18:00:00,30.5,76,1.3,293,0.0,975.6,290.0
2025-08-10 19:00:00,29.5,82,0.91,264,0.0,975.9,60.0
2025-08-10 20:00:00,29.0,84,0.86,260,0.0,976.4,40.0
2025-08-10 21:00:00,28.6,85,0.64,231,0.0,977.1,20.0
2025-08-10 22:00:00,28.1,85,0.74,208,0.0,977.1,20.0
2025-08-10 23:00:00,27.9,84,0.92,193,0.0,977.0,25.0
2025-08-11 00:00:00,27.7,82,1.57,217,0.0,976.5,45.0
2025-08-11 01:00:00,27.4,82,1.32,217,0.0,976.1,50.0
2025-08-11 02:00:00,27.2,82,1.77,220,0.0,976.0,60.0
2025-08-11 03:00:00,27.0,83,1.74,231,0.0,975.9,80.0
2025-08-11 04:00:00,26.7,84,1.66,245,0.0,976.1,90.0
2025-08-11 05:00:00,26.5,84,2.01,251,0.0,976.4,120.0
2025-08-11 06:00:00,28.1,80,2.9,270,0.0,976.0,450.0
2025-08-11 07:00:00,28.6,78,3.43,278,0.0,976.9,605.0
2025-08-11 08:00:00,29.4,77,2.86,266,0.0,977.3,615.0
2025-08-11 09:00:00,30.5,72,3.15,267,0.0,977.5,660.0
2025-08-11 10:00:00,31.6,68,3.4,280,0.0,977.4,850.0
2025-08-11 11:00:00,32.6,64,3.37,288,0.0,977.1,1010.0
2025-08-11 12:00:00,33.1,64,3.16,293,0.0,976.7,1150.0
2025-08-11 13:00:00,33.3,64,3.22,300,0.0,975.6,1255.0
2025-08-11 14:00:00,33.6,61,2.82,297,0.0,974.7,1430.0
2025-08-11 15:00:00,32.7,65,2.53,308,0.0,974.0,580.0
2025-08-11 16:00:00,32.0,68,1.2,315,0.0,974.0,580.0
2025-08-11 17:00:00,31.0,77,0.45,174,0.0,973.9,15.0
2025-08-11 18:00:00,30.1,84,1.14,105,0.0,975.4,85.0
2025-08-11 19:00:00,29.1,89,1.68,163,0.2,975.7,165.0
2025-08-11 20:00:00,28.8,91,0.32,129,0.1,976.2,30.0
2025-08-11 21:00:00,28.3,92,1.35,129,0.2,977.0,85.0
2025-08-11 22:00:00,28.1,92,2.46,175,0.0,976.7,195.0
2025-08-11 23:00:00,27.6,91,2.38,188,0.0,976.5,190.0
2025-08-12 00:00:00,27.1,90,2.3,179,0.0,976.2,160.0
2025-08-12 01:00:00,26.9,90,2.36,185,0.0,975.7,165.0
2025-08-12 02:00:00,26.9,89,2.07,187,0.0,975.3,145.0
2025-08-12 03:00:00,26.8,89,1.53,191,0.0,975.3,130.0
2025-08-12 04:00:00,26.6,90,1.45,221,0.0,975.7,125.0
2025-08-12 05:00:00,26.4,93,0.68,216,0.0,975.6,50.0
2025-08-12 06:00:00,27.0,81,2.7,271,0.3,976.8,385.0
2025-08-12 07:00:00,26.6,83,2.68,279,1.0,977.2,290.0
2025-08-12 08:00:00,25.7,92,2.6,272,2.6,977.7,225.0
2025-08-12 09:00:00,25.5,93,3.71,265,3.2,978.0,255.0
2025-08-12 10:00:00,26.4,94,3.01,281,1.9,977.6,210.0
2025-08-12 11:00:00,29.5,79,1.81,275,0.1,977.3,490.0
2025-08-12 12:00:00,31.2,71,2.15,288,0.0,976.5,765.0
2025-08-12 13:00:00,32.2,67,2.15,306,0.0,975.5,870.0
2025-08-12 14:00:00,32.7,64,1.97,294,0.0,974.6,1030.0
2025-08-12 15:00:00,33.0,62,2.04,281,0.0,973.6,1120.0
2025-08-12 16:00:00,32.7,63,2.61,287,0.0,972.7,1105.0
2025-08-12 17:00:00,32.0,68,2.25,291,0.0,972.3,985.0
2025-08-12 18:00:00,31.1,75,0.85,298,0.0,973.6,100.0
2025-08-12 19:00:00,30.3,78,0.87,283,0.0,974.0,45.0
2025-08-12 20:00:00,29.7,81,1.01,290,0.0,974.4,45.0
2025-08-12 21:00:00,29.2,83,0.89,286,0.0,974.9,35.0
2025-08-12 22:00:00,28.9,83,0.79,235,0.0,974.8,25.0
2025-08-12 23:00:00,28.3,85,1.65,215,0.0,974.8,55.0
2025-08-13 00:00:00,27.9,86,1.49,228,0.0,974.6,65.0
2025-08-13 01:00:00,27.6,88,1.26,252,0.0,974.1,50.0
2025-08-13 02:00:00,27.4,88,1.41,264,0.0,973.6,55.0
2025-08-13 03:00:00,27.1,88,1.78,281,0.0,973.6,75.0
2025-08-13 04:00:00,26.9,87,1.96,264,0.0,973.9,90.0
2025-08-13 05:00:00,26.7,86,2.26,257,0.0,974.1,120.0
2025-08-13 06:00:00,27.8,87,2.25,273,0.0,974.8,195.0
2025-08-13 07:00:00,28.7,84,2.2,267,0.0,975.3,305.0
2025-08-13 08:00:00,29.4,78,2.4,272,0.0,975.5,410.0
2025-08-13 09:00:00,30.2,72,2.32,277,0.0,975.9,475.0
2025-08-13 10:00:00,31.4,68,2.53,285,0.0,975.8,625.0
2025-08-13 11:00:00,32.3,65,2.53,292,0.0,975.6,880.0
2025-08-13 12:00:00,32.3,63,2.5,286,0.0,975.0,975.0
2025-08-13 13:00:00,32.8,61,2.18,286,0.0,974.4,1015.0
2025-08-13 14:00:00,32.8,61,2.22,278,0.0,973.6,1015.0
2025-08-13 15:00:00,32.9,61,1.87,279,0.0,972.9,1020.0
2025-08-13 16:00:00,32.9,60,1.75,268,0.0,972.6,1115.0
2025-08-13 17:00:00,32.2,66,1.42,222,0.2,973.1,350.0
2025-08-13 18:00:00,31.9,68,0.88,317,0.0,974.0,40.0
2025-08-13 19:00:00,30.8,75,0.72,326,0.0,974.3,30.0
2025-08-13 20:00:00,30.3,77,1.03,23,0.0,975.1,45.0
2025-08-13 21:00:00,29.9,80,0.9,34,0.0,975.9,50.0
2025-08-13 22:00:00,29.8,79,0.73,106,0.0,975.9,40.0
2025-08-13 23:00:00,29.1,80,1.35,132,0.0,976.2,65.0
2025-08-14 00:00:00,28.8,81,1.57,158,0.0,975.9,75.0
2025-08-14 01:00:00,28.3,83,1.35,149,0.0,975.8,75.0
2025-08-14 02:00:00,28.1,84,1.74,129,0.0,975.8,90.0
2025-08-14 03:00:00,27.6,87,2.02,132,0.0,976.0,180.0
2025-08-14 04:00:00,27.3,89,1.83,145,0.0,976.3,240.0
2025-08-14 05:00:00,26.9,90,1.45,139,0.0,976.5,175.0
2025-08-14 06:00:00,26.5,97,1.51,146,0.9,977.8,205.0
2025-08-14 07:00:00,26.1,97,1.86,144,0.8,977.9,155.0
2025-08-14 08:00:00,26.6,96,0.6,138,0.9,978.3,115.0
2025-08-14 09:00:00,27.5,92,1.97,120,0.6,979.2,280.0
2025-08-14 10:00:00,28.0,88,2.53,117,0.1,979.3,460.0
2025-08-14 11:00:00,28.8,82,1.54,119,0.2,979.1,530.0
2025-08-14 12:00:00,29.2,79,1.85,128,0.3,978.3,560.0
2025-08-14 13:00:00,27.8,84,2.21,123,0.9,977.9,310.0
2025-08-14 14:00:00,27.3,90,1.33,110,0.9,977.2,275.0
2025-08-14 15:00:00,28.1,86,0.81,68,0.5,976.1,360.0
2025-08-14 16:00:00,29.0,80,1.2,45,0.1,975.2,540.0
2025-08-14 17:00:00,28.8,81,1.56,45,0.0,975.2,470.0
2025-08-14 18:00:00,27.8,90,1.17,43,0.0,976.4,235.0
2025-08-14 19:00:00,27.2,92,0.96,51,0.1,976.8,135.0
2025-08-14 20:00:00,27.0,92,0.83,57,0.0,977.3,105.0
2025-08-14 21:00:00,26.8,94,0.78,75,0.0,977.9,90.0
2025-08-14 22:00:00,26.5,95,0.76,98,0.0,978.0,80.0
2025-08-14 23:00:00,26.2,96,0.71,98,0.0,977.9,60.0
2025-08-15 00:00:00,26.3,95,1.21,114,0.0,977.5,90.0
2025-08-15 01:00:00,26.1,95,1.38,109,0.0,977.1,110.0
2025-08-15 02:00:00,25.9,95,1.46,106,0.0,976.8,115.0
2025-08-15 03:00:00,25.6,96,1.57,81,0.0,976.4,120.0
2025-08-15 04:00:00,25.4,97,1.59,77,0.0,976.5,140.0
2025-08-15 05:00:00,25.2,98,1.46,59,0.0,976.9,140.0
2025-08-15 06:00:00,25.9,93,1.8,77,2.7,977.4,195.0
2025-08-15 07:00:00,26.2,93,1.85,90,0.5,977.8,210.0
2025-08-15 08:00:00,27.4,90,0.9,109,0.1,977.8,225.0
2025-08-15 09:00:00,28.9,85,1.38,131,0.1,978.1,505.0
2025-08-15 10:00:00,29.9,81,1.04,145,0.3,978.0,780.0
2025-08-15 11:00:00,30.6,76,0.98,165,0.3,977.7,930.0
2025-08-15 12:00:00,31.4,72,1.13,221,0.2,977.0,1085.0
2025-08-15 13:00:00,31.4,72,0.34,207,0.1,976.0,1045.0
2025-08-15 14:00:00,31.6,72,0.22,153,0.1,974.8,1005.0
2025-08-15 15:00:00,31.1,76,1.05,90,0.4,973.8,555.0
2025-08-15 16:00:00,30.7,79,0.9,93,0.3,973.2,645.0
2025-08-15 17:00:00,30.2,79,1.52,81,0.5,972.9,355.0
2025-08-15 18:00:00,29.7,81,0.74,62,0.0,973.8,65.0
2025-08-15 19:00:00,28.7,86,0.95,72,0.0,974.2,80.0
2025-08-15 20:00:00,28.2,90,0.87,66,0.0,975.2,80.0
2025-08-15 21:00:00,28.0,88,1.25,143,0.0,976.0,80.0
2025-08-15 22:00:00,27.6,89,1.66,155,0.0,975.8,115.0
2025-08-15 23:00:00,27.3,91,1.77,155,0.0,975.8,125.0
2025-08-16 00:00:00,27.0,94,1.71,142,0.0,975.8,135.0
2025-08-16 01:00:00,26.8,95,1.44,124,0.0,975.5,115.0
2025-08-16 02:00:00,26.6,96,1.66,111,0.0,975.2,145.0
2025-08-16 03:00:00,26.5,97,1.6,92,0.0,975.1,150.0
2025-08-16 04:00:00,26.3,97,1.37,80,0.0,975.1,125.0
2025-08-16 05:00:00,26.2,98,1.25,90,0.0,975.4,110.0
2025-08-16 06:00:00,27.2,96,1.5,111,0.0,975.3,105.0
2025-08-16 07:00:00,28.0,93,1.42,122,0.0,976.0,185.0
2025-08-16 08:00:00,28.8,89,1.38,109,0.0,976.4,270.0
2025-08-16 09:00:00,29.7,80,2.23,124,2.0,976.9,455.0
2025-08-16 10:00:00,29.5,82,1.18,126,0.7,976.8,515.0
2025-08-16 11:00:00,28.0,86,1.84,137,3.3,976.6,285.0
2025-08-16 12:00:00,29.3,82,1.27,99,0.1,975.8,460.0
2025-08-16 13:00:00,30.6,77,1.06,135,0.2,974.9,700.0
2025-08-16 14:00:00,30.8,74,0.78,130,0.1,973.9,655.0
2025-08-16 15:00:00,31.2,73,0.92,103,0.0,972.6,700.0
2025-08-16 16:00:00,31.1,73,0.98,66,0.0,972.0,710.0
2025-08-16 17:00:00,30.9,74,1.08,68,0.0,972.1,675.0
2025-08-16 18:00:00,30.3,81,1.84,22,0.0,973.1,260.0
2025-08-16 19:00:00,29.0,86,1.98,56,0.0,973.6,170.0
2025-08-16 20:00:00,28.3,88,1.71,75,0.0,974.4,150.0
2025-08-16 21:00:00,28.1,90,1.97,83,0.0,975.3,175.0
2025-08-16 22:00:00,28.0,91,2.01,86,0.0,975.6,190.0
2025-08-16 23:00:00,27.8,91,1.8,87,0.0,976.0,180.0
2025-08-17 00:00:00,27.6,91,2.06,84,0.0,975.9,190.0
2025-08-17 01:00:00,27.4,91,1.85,93,0.0,975.6,170.0
2025-08-17 02:00:00,27.3,91,1.82,99,0.0,975.6,170.0
2025-08-17 03:00:00,27.3,91,1.82,106,0.0,975.4,165.0
2025-08-17 04:00:00,27.3,91,1.76,110,0.1,975.7,160.0
2025-08-17 05:00:00,27.2,92,1.73,100,0.1,976.1,145.0
2025-08-17 06:00:00,27.5,93,1.74,78,0.0,976.2,150.0
2025-08-17 07:00:00,27.9,93,1.57,81,0.0,976.6,215.0
2025-08-17 08:00:00,28.3,91,2.12,75,0.0,976.8,320.0
2025-08-17 09:00:00,29.8,84,1.74,72,0.0,977.2,430.0
2025-08-17 10:00:00,31.2,78,2.41,103,0.1,977.5,950.0
2025-08-17 11:00:00,31.9,74,2.69,108,0.1,977.3,1175.0
2025-08-17 12:00:00,28.5,86,2.93,98,2.9,976.7,365.0
2025-08-17 13:00:00,28.9,84,1.6,70,0.0,975.9,320.0
2025-08-17 14:00:00,30.9,78,1.41,67,0.0,974.7,560.0
2025-08-17 15:00:00,31.8,73,1.63,72,0.0,974.1,765.0
2025-08-17 16:00:00,31.8,73,1.57,73,0.0,973.5,770.0
2025-08-17 17:00:00,31.4,74,2.31,85,0.1,973.7,815.0
2025-08-17 18:00:00,29.9,83,2.16,94,0.0,974.8,370.0
2025-08-17 19:00:00,28.9,87,1.85,93,0.0,975.0,290.0
2025-08-17 20:00:00,28.5,89,1.4,88,0.0,975.5,185.0
2025-08-17 21:00:00,28.2,91,1.19,75,0.0,976.7,130.0
2025-08-17 22:00:00,28.1,92,1.49,70,0.0,977.3,150.0
2025-08-17 23:00:00,28.0,92,2.0,77,0.0,977.9,200.0
2025-08-18 00:00:00,27.8,92,2.23,81,0.0,977.8,255.0
2025-08-18 01:00:00,27.6,92,2.11,86,0.0,977.8,265.0
2025-08-18 02:00:00,27.4,93,2.33,99,0.0,977.4,295.0
2025-08-18 03:00:00,27.3,93,2.68,104,0.0,977.1,335.0
2025-08-18 04:00:00,27.1,93,2.29,110,0.0,977.2,345.0
2025-08-18 05:00:00,27.0,94,2.49,105,0.0,977.8,370.0
2025-08-18 06:00:00,27.7,91,2.86,115,0.0,977.7,410.0
2025-08-18 07:00:00,28.4,90,2.29,100,0.0,978.4,475.0
2025-08-18 08:00:00,27.4,89,4.08,101,5.0,979.3,380.0
2025-08-18 09:00:00,28.2,89,2.6,79,3.2,980.1,500.0
2025-08-18 10:00:00,29.9,82,2.82,97,0.1,979.7,780.0
2025-08-18 11:00:00,30.9,76,3.23,98,0.1,979.1,970.0
2025-08-18 12:00:00,31.1,74,2.89,100,0.1,978.7,960.0
2025-08-18 13:00:00,31.4,73,2.6,91,0.2,977.6,890.0
2025-08-18 14:00:00,31.6,70,2.48,81,0.0,976.5,890.0
2025-08-18 15:00:00,31.8,69,2.92,83,0.1,975.5,915.0
2025-08-18 16:00:00,31.6,69,2.91,85,0.0,974.7,870.0
2025-08-18 17:00:00,31.1,72,2.38,80,0.0,974.5,815.0
2025-08-18 18:00:00,30.3,79,1.5,88,0.0,975.7,390.0
2025-08-18 19:00:00,29.4,83,1.9,72,0.0,976.0,295.0
2025-08-18 20:00:00,28.7,84,2.24,80,0.0,976.7,265.0
2025-08-18 21:00:00,28.3,85,2.1,89,0.0,977.6,285.0
2025-08-18 22:00:00,28.0,88,2.21,85,0.0,977.7,260.0
2025-08-18 23:00:00,27.8,90,2.3,88,0.0,977.7,270.0
2025-08-19 00:00:00,27.4,89,2.5,102,0.0,977.4,280.0
2025-08-19 01:00:00,27.1,88,2.22,98,0.0,977.0,265.0
2025-08-19 02:00:00,26.9,89,2.2,93,0.0,976.5,240.0
2025-08-19 03:00:00,26.7,90,1.95,87,0.0,976.3,220.0
2025-08-19 04:00:00,26.5,92,1.8,77,0.0,976.1,185.0
2025-08-19 05:00:00,26.3,93,2.1,93,0.0,976.1,205.0
2025-08-19 06:00:00,27.6,91,1.8,87,0.0,977.2,210.0
2025-08-19 07:00:00,28.5,90,1.95,87,0.0,977.4,405.0
2025-08-19 08:00:00,29.6,85,2.35,94,0.1,977.4,680.0
2025-08-19 09:00:00,30.6,81,2.46,103,0.2,977.8,1000.0
2025-08-19 10:00:00,31.7,73,2.76,112,0.1,977.7,1215.0
2025-08-19 11:00:00,29.3,82,2.14,106,4.5,977.6,415.0
2025-08-19 12:00:00,30.9,73,1.63,117,0.1,977.1,780.0
2025-08-19 13:00:00,30.9,71,3.07,109,0.6,976.2,685.0
2025-08-19 14:00:00,31.0,72,1.58,72,0.0,975.2,635.0
2025-08-19 15:00:00,31.4,70,1.61,64,0.0,973.8,715.0
2025-08-19 16:00:00,31.4,70,1.83,55,0.0,973.1,730.0
2025-08-19 17:00:00,30.8,73,2.4,59,0.0,972.8,680.0
2025-08-19 18:00:00,29.2,83,2.33,43,0.0,974.3,320.0
2025-08-19 19:00:00,28.7,86,2.24,51,0.0,974.6,320.0
2025-08-19 20:00:00,28.4,88,2.19,55,0.0,975.2,320.0
2025-08-19 21:00:00,28.4,88,2.29,74,0.0,976.0,295.0
2025-08-19 22:00:00,28.3,88,2.35,92,0.0,976.3,360.0
2025-08-19 23:00:00,28.1,86,2.62,108,0.0,976.6,420.0
2025-08-20 00:00:00,27.7,85,2.62,108,0.0,976.2,360.0
2025-08-20 01:00:00,27.3,86,2.63,104,0.0,976.0,360.0
2025-08-20 02:00:00,27.1,88,2.48,99,0.0,975.8,350.0
2025-08-20 03:00:00,26.7,90,2.22,98,0.0,976.1,325.0
2025-08-20 04:00:00,26.5,91,2.1,87,0.0,976.1,285.0
2025-08-20 05:00:00,26.4,93,2.31,95,0.0,976.4,280.0
2025-08-20 06:00:00,27.3,92,2.64,127,0.0,976.4,510.0
2025-08-20 07:00:00,27.9,89,3.16,113,0.5,976.6,570.0
2025-08-20 08:00:00,28.2,87,3.34,120,1.0,977.3,600.0
2025-08-20 09:00:00,28.6,86,2.96,109,0.1,977.3,555.0
2025-08-20 10:00:00,30.0,76,3.1,100,0.2,977.4,750.0
2025-08-20 11:00:00,30.7,71,3.42,97,0.1,976.9,805.0
2025-08-20 12:00:00,31.6,67,3.3,92,0.1,976.0,910.0
2025-08-20 13:00:00,32.2,63,3.35,90,0.0,974.8,1000.0
2025-08-20 14:00:00,32.6,61,3.25,87,0.0,973.4,1020.0
2025-08-20 15:00:00,32.5,61,3.4,91,0.1,972.5,1040.0
2025-08-20 16:00:00,31.3,69,3.71,80,0.1,972.3,720.0
2025-08-20 17:00:00,30.5,74,2.84,81,0.0,972.3,655.0
2025-08-20 18:00:00,30.5,71,2.77,83,0.0,973.8,640.0
2025-08-20 19:00:00,29.4,79,2.84,80,0.0,974.0,515.0
2025-08-20 20:00:00,28.9,82,3.03,98,0.0,974.8,495.0
2025-08-20 21:00:00,28.6,84,2.66,94,0.0,975.6,455.0
2025-08-20 22:00:00,28.2,86,2.25,93,0.0,976.0,365.0
2025-08-20 23:00:00,28.0,88,2.29,100,0.0,976.7,385.0
2025-08-21 00:00:00,27.7,89,2.21,94,0.0,976.8,350.0
2025-08-21 01:00:00,27.5,90,2.47,82,0.0,976.6,370.0
2025-08-21 02:00:00,27.0,92,2.15,65,2.3,976.3,320.0
2025-08-21 03:00:00,25.6,99,1.43,155,11.1,977.0,90.0
2025-08-21 04:00:00,26.0,95,2.45,89,0.5,976.5,300.0
2025-08-21 05:00:00,25.5,96,2.21,57,1.0,976.4,220.0
2025-08-21 06:00:00,25.9,94,2.3,56,0.0,977.1,210.0
2025-08-21 07:00:00,26.8,90,1.77,65,0.0,977.2,340.0
2025-08-21 08:00:00,28.3,84,2.56,78,0.0,977.5,515.0
2025-08-21 09:00:00,29.7,76,3.0,90,0.0,977.3,780.0
2025-08-21 10:00:00,30.9,70,3.8,90,0.0,977.1,965.0
2025-08-21 11:00:00,31.5,66,3.55,100,0.0,976.8,925.0
2025-08-21 12:00:00,32.0,64,3.2,113,0.1,976.1,1005.0
2025-08-21 13:00:00,32.3,64,2.61,107,0.1,975.1,1010.0
2025-08-21 14:00:00,32.9,61,2.33,105,0.0,974.0,1050.0
2025-08-21 15:00:00,31.7,66,2.21,123,0.2,973.2,595.0
2025-08-21 16:00:00,31.1,70,1.4,92,0.2,972.7,605.0
2025-08-21 17:00:00,30.9,70,1.32,61,0.0,972.1,490.0
2025-08-21 18:00:00,30.5,78,0.81,137,0.0,973.4,200.0
2025-08-21 19:00:00,29.9,83,0.57,135,0.0,974.1,50.0
2025-08-21 20:00:00,29.2,86,0.65,148,0.0,975.0,55.0
2025-08-21 21:00:00,28.7,89,0.6,156,0.0,975.3,40.0
2025-08-21 22:00:00,28.4,89,0.4,187,0.0,975.3,25.0
2025-08-21 23:00:00,28.1,89,0.18,214,0.0,975.4,15.0
2025-08-22 00:00:00,27.9,89,0.41,76,0.0,975.6,20.0
2025-08-22 01:00:00,27.8,90,1.06,45,0.0,974.8,55.0
2025-08-22 02:00:00,27.4,92,1.93,73,0.0,974.4,210.0
2025-08-22 03:00:00,26.6,91,2.73,118,1.0,974.7,295.0
2025-08-22 04:00:00,25.1,95,1.97,99,1.3,974.5,205.0
2025-08-22 05:00:00,25.0,96,1.03,157,0.0,974.6,145.0
2025-08-22 06:00:00,27.1,92,0.57,345,0.1,973.9,35.0
2025-08-22 07:00:00,28.0,88,0.85,270,0.2,974.5,170.0
2025-08-22 08:00:00,28.4,84,0.41,346,0.8,974.5,335.0
2025-08-22 09:00:00,29.7,80,0.43,54,0.0,974.9,530.0
2025-08-22 10:00:00,31.0,75,0.62,104,0.0,974.9,820.0
2025-08-22 11:00:00,32.0,69,1.03,113,0.0,974.4,1090.0
2025-08-22 12:00:00,32.8,65,1.2,107,0.0,973.7,1240.0
2025-08-22 13:00:00,33.0,63,1.35,92,0.0,972.8,1255.0
2025-08-22 14:00:00,33.0,62,1.17,80,0.0,971.5,1210.0
2025-08-22 15:00:00,33.1,61,1.41,63,0.0,970.3,1250.0
2025-08-22 16:00:00,32.5,62,0.82,308,0.0,970.0,1020.0
2025-08-22 17:00:00,31.9,67,0.7,266,0.0,970.2,200.0
2025-08-22 18:00:00,30.0,80,1.6,180,0.0,971.4,320.0
2025-08-22 19:00:00,29.1,86,1.25,180,0.0,972.3,220.0
2025-08-22 20:00:00,28.9,89,0.43,201,0.0,973.0,65.0
2025-08-22 21:00:00,28.4,91,0.92,151,0.0,974.1,145.0
2025-08-22 22:00:00,28.1,92,1.74,117,0.0,974.3,225.0
2025-08-22 23:00:00,27.8,93,1.6,122,0.0,974.2,245.0
2025-08-23 00:00:00,27.4,95,1.83,107,0.0,973.7,255.0
2025-08-23 01:00:00,27.2,95,1.53,109,0.0,973.2,230.0
2025-08-23 02:00:00,26.7,93,1.18,102,0.6,972.8,255.0
2025-08-23 03:00:00,25.8,95,0.67,42,3.5,972.9,80.0
2025-08-23 04:00:00,25.1,98,0.95,360,3.3,973.3,80.0
2025-08-23 05:00:00,25.2,98,0.96,39,1.0,973.5,105.0
2025-08-23 06:00:00,26.2,95,0.94,65,0.0,973.3,135.0
2025-08-23 07:00:00,27.1,91,0.76,58,0.0,973.7,200.0
2025-08-23 08:00:00,28.4,85,1.22,81,0.0,974.3,355.0
2025-08-23 09:00:00,29.7,77,2.06,94,0.0,974.7,620.0
2025-08-23 10:00:00,30.8,73,2.09,101,0.1,975.0,915.0
2025-08-23 11:00:00,31.4,70,1.75,88,0.1,974.5,1050.0
2025-08-23 12:00:00,32.3,65,1.97,83,0.0,973.7,1250.0
2025-08-23 13:00:00,29.7,74,3.3,80,0.6,972.9,460.0
2025-08-23 14:00:00,29.9,75,1.56,48,1.2,971.6,440.0
2025-08-23 15:00:00,30.5,74,2.52,76,1.2,971.3,740.0
2025-08-23 16:00:00,28.0,84,1.88,68,0.7,971.3,310.0
2025-08-23 17:00:00,28.0,85,1.31,47,0.3,971.3,195.0
2025-08-23 18:00:00,27.4,89,0.99,49,0.3,972.5,190.0
2025-08-23 19:00:00,27.0,93,1.66,25,0.3,973.0,160.0
2025-08-23 20:00:00,26.7,95,1.6,58,0.0,973.8,165.0
2025-08-23 21:00:00,26.5,95,2.55,67,0.1,974.6,255.0
2025-08-23 22:00:00,26.1,95,2.02,70,0.0,974.7,230.0
2025-08-23 23:00:00,26.0,95,1.96,71,0.0,974.3,220.0
2025-08-24 00:00:00,25.9,96,1.76,85,0.0,974.3,245.0
2025-08-24 01:00:00,25.8,96,1.72,82,0.0,973.7,240.0
2025-08-24 02:00:00,25.7,96,2.16,86,0.0,973.2,285.0
2025-08-24 03:00:00,25.6,96,1.57,112,0.0,973.5,250.0
2025-08-24 04:00:00,25.4,97,2.2,102,0.0,973.6,275.0
2025-08-24 05:00:00,25.3,97,1.77,115,0.0,973.7,225.0
2025-08-24 06:00:00,25.8,96,1.4,125,0.0,974.3,280.0
2025-08-24 07:00:00,26.7,92,2.37,118,0.0,974.7,520.0
2025-08-24 08:00:00,27.6,87,3.55,122,0.0,975.1,660.0
2025-08-24 09:00:00,28.9,79,3.39,121,0.1,975.7,860.0
2025-08-24 10:00:00,30.0,76,3.55,112,0.1,976.0,970.0
2025-08-24 11:00:00,30.9,73,3.13,110,0.2,975.7,1170.0
2025-08-24 12:00:00,30.2,77,3.22,96,6.7,975.1,770.0
2025-08-24 13:00:00,31.0,74,2.22,76,0.1,974.0,1145.0
2025-08-24 14:00:00,29.8,76,4.37,70,1.3,972.8,540.0
2025-08-24 15:00:00,29.3,83,2.0,53,0.8,972.4,500.0
2025-08-24 16:00:00,26.6,90,1.66,155,7.7,972.4,125.0
2025-08-24 17:00:00,26.0,92,2.26,84,2.8,972.9,275.0
2025-08-24 18:00:00,27.6,86,3.26,117,0.0,973.4,670.0
2025-08-24 19:00:00,27.0,88,2.9,122,0.1,973.9,440.0
2025-08-24 20:00:00,26.7,90,1.66,85,0.0,974.2,230.0
2025-08-24 21:00:00,26.5,91,2.07,75,0.0,974.7,210.0
2025-08-24 22:00:00,26.5,91,2.42,83,0.1,974.9,300.0
2025-08-24 23:00:00,26.3,91,3.58,83,0.1,975.0,575.0
2025-08-25 00:00:00,25.6,93,3.5,89,0.1,974.9,555.0
2025-08-25 01:00:00,25.4,93,3.22,102,0.2,974.2,495.0
2025-08-25 02:00:00,25.0,94,3.0,114,1.7,974.0,495.0
2025-08-25 03:00:00,24.3,98,3.02,117,4.1,973.9,490.0
2025-08-25 04:00:00,24.0,98,3.23,106,3.3,973.8,440.0
2025-08-25 05:00:00,24.2,97,3.66,100,1.3,974.0,515.0
2025-08-25 06:00:00,25.1,97,3.09,113,1.1,973.5,460.0
2025-08-25 07:00:00,25.3,96,2.44,125,6.6,974.0,455.0
2025-08-25 08:00:00,25.5,95,4.27,119,0.6,974.2,455.0
2025-08-25 09:00:00,26.1,96,3.83,123,0.6,974.8,560.0
2025-08-25 10:00:00,26.4,91,3.8,111,0.8,974.7,670.0
2025-08-25 11:00:00,28.1,84,3.55,100,0.2,974.3,845.0
2025-08-25 12:00:00,28.8,81,3.51,118,0.1,973.6,1030.0
2025-08-25 13:00:00,28.9,80,3.87,101,0.1,972.2,910.0
2025-08-25 14:00:00,27.6,85,3.38,109,0.9,971.9,620.0
2025-08-25 15:00:00,28.7,80,3.54,109,0.1,970.8,765.0
2025-08-25 16:00:00,26.7,87,3.26,94,0.4,970.7,390.0
2025-08-25 17:00:00,26.3,89,2.3,89,2.6,971.3,400.0
2025-08-25 18:00:00,27.1,89,3.03,98,0.0,972.0,625.0
2025-08-25 19:00:00,26.9,89,3.18,109,0.1,972.6,565.0
2025-08-25 20:00:00,26.8,90,3.29,114,0.1,973.2,555.0
2025-08-25 21:00:00,26.3,90,3.38,128,1.1,974.4,475.0
2025-08-25 22:00:00,25.7,95,3.56,124,0.3,974.6,445.0
2025-08-25 23:00:00,25.6,95,3.52,129,0.2,974.8,435.0
2025-08-26 00:00:00,25.4,96,3.4,133,0.0,975.0,405.0
2025-08-26 01:00:00,25.0,97,3.59,130,0.9,974.7,530.0
2025-08-26 02:00:00,25.0,97,3.81,120,0.4,974.5,495.0
2025-08-26 03:00:00,25.5,93,5.2,125,0.3,974.7,555.0
2025-08-26 04:00:00,25.2,96,4.95,128,0.2,974.8,480.0
2025-08-26 05:00:00,25.0,97,4.08,123,0.1,975.4,475.0
2025-08-26 06:00:00,25.8,95,3.65,123,0.1,975.6,475.0
2025-08-26 07:00:00,25.8,92,4.71,127,2.5,976.8,485.0
2025-08-26 08:00:00,26.2,95,4.8,129,0.6,976.9,535.0
2025-08-26 09:00:00,27.1,90,3.87,129,0.2,977.8,620.0
2025-08-26 10:00:00,28.7,82,4.05,129,0.1,978.0,825.0
2025-08-26 11:00:00,29.6,78,4.14,133,0.2,977.9,910.0
2025-08-26 12:00:00,29.6,76,3.85,134,0.1,976.7,875.0
2025-08-26 13:00:00,29.9,76,3.14,127,0.1,976.3,1045.0
2025-08-26 14:00:00,28.4,82,3.54,123,0.7,975.7,440.0
2025-08-26 15:00:00,28.8,83,2.28,116,0.1,974.6,535.0
2025-08-26 16:00:00,29.6,79,2.87,119,0.0,974.0,605.0
2025-08-26 17:00:00,29.4,77,2.75,123,0.5,974.4,560.0
2025-08-26 18:00:00,27.5,90,1.53,128,0.0,975.2,405.0
2025-08-26 19:00:00,26.8,93,2.19,114,0.1,975.9,270.0
2025-08-26 20:00:00,26.5,93,2.2,111,0.2,976.3,220.0
2025-08-26 21:00:00,26.3,94,2.01,117,0.1,976.9,235.0
2025-08-26 22:00:00,26.1,96,2.17,113,0.0,977.2,205.0
2025-08-26 23:00:00,26.0,97,2.42,112,0.0,977.2,245.0
2025-08-27 00:00:00,25.8,97,2.49,105,0.0,977.0,245.0
2025-08-27 01:00:00,25.6,97,2.52,104,0.0,976.5,255.0
2025-08-27 02:00:00,25.4,98,2.13,129,0.0,976.3,260.0
2025-08-27 03:00:00,25.2,99,2.08,117,0.0,976.1,235.0
2025-08-27 04:00:00,25.3,98,1.44,110,0.0,976.2,180.0
2025-08-27 05:00:00,25.1,99,1.83,107,0.0,976.5,170.0
2025-08-27 06:00:00,25.9,97,1.3,113,0.3,976.6,145.0
2025-08-27 07:00:00,26.3,91,2.33,137,1.1,977.4,210.0
2025-08-27 08:00:00,27.3,88,2.0,122,0.2,977.4,315.0
2025-08-27 09:00:00,28.3,87,2.19,114,0.0,977.9,550.0
2025-08-27 10:00:00,29.5,83,2.0,122,0.0,977.9,685.0
2025-08-27 11:00:00,30.4,78,1.95,132,0.1,977.4,850.0
2025-08-27 12:00:00,31.1,75,1.89,127,0.2,976.6,865.0
2025-08-27 13:00:00,31.8,73,1.96,128,0.1,975.8,895.0
2025-08-27 14:00:00,32.3,70,1.77,130,0.0,974.8,980.0
2025-08-27 15:00:00,32.3,70,1.42,122,0.0,973.7,995.0
2025-08-27 16:00:00,31.9,70,1.37,123,0.0,972.9,840.0
2025-08-27 17:00:00,31.6,71,1.03,113,0.0,972.6,685.0
2025-08-27 18:00:00,29.0,87,0.7,86,0.0,974.2,150.0
2025-08-27 19:00:00,28.4,92,0.49,24,0.0,974.7,40.0
2025-08-27 20:00:00,28.1,92,0.47,148,0.0,975.5,30.0
2025-08-27 21:00:00,27.9,93,0.79,125,0.0,976.4,55.0
2025-08-27 22:00:00,27.7,94,1.43,102,0.0,976.4,85.0
2025-08-27 23:00:00,26.2,95,1.43,115,1.6,976.8,135.0
2025-08-28 00:00:00,26.4,95,1.28,111,0.3,976.3,95.0
2025-08-28 01:00:00,26.3,96,2.34,110,0.0,975.9,190.0
2025-08-28 02:00:00,25.7,98,2.44,109,0.0,976.0,225.0
2025-08-28 03:00:00,25.6,97,1.84,123,0.0,975.9,190.0
2025-08-28 04:00:00,25.1,99,0.62,166,0.0,975.8,190.0
2025-08-28 05:00:00,24.8,98,0.92,112,3.0,976.1,130.0
2025-08-28 06:00:00,26.7,95,2.02,81,0.0,976.4,170.0
2025-08-28 07:00:00,27.3,93,1.03,76,0.1,977.1,190.0
2025-08-28 08:00:00,28.2,88,1.54,103,0.1,977.3,240.0
2025-08-28 09:00:00,29.6,82,2.08,114,0.1,977.3,455.0
2025-08-28 10:00:00,30.7,78,1.92,118,0.1,977.2,680.0
2025-08-28 11:00:00,31.3,76,1.91,123,0.1,976.4,855.0
2025-08-28 12:00:00,32.0,72,1.82,122,0.1,975.7,1070.0
2025-08-28 13:00:00,32.0,73,1.84,135,0.1,974.6,1040.0
2025-08-28 14:00:00,32.1,73,1.53,148,0.1,973.4,1035.0
2025-08-28 15:00:00,32.3,72,1.05,149,0.2,972.4,995.0
2025-08-28 16:00:00,30.5,76,1.04,145,0.6,972.1,530.0
2025-08-28 17:00:00,30.1,77,0.98,345,0.2,972.2,150.0
2025-08-28 18:00:00,29.2,84,2.61,122,0.0,973.8,390.0
2025-08-28 19:00:00,28.6,87,2.16,138,0.0,974.5,400.0
2025-08-28 20:00:00,28.1,89,1.65,180,0.0,975.6,305.0
2025-08-28 21:00:00,27.9,91,1.26,187,0.0,976.4,230.0
2025-08-28 22:00:00,27.4,93,0.86,126,0.5,976.7,235.0
2025-08-28 23:00:00,26.1,96,2.36,58,8.5,976.9,140.0
2025-08-29 00:00:00,26.1,97,1.88,73,0.1,976.6,220.0
2025-08-29 01:00:00,26.0,96,2.58,99,0.0,975.7,270.0
2025-08-29 02:00:00,25.6,96,2.94,100,1.3,975.7,295.0
2025-08-29 03:00:00,25.2,97,0.38,247,2.2,975.6,35.0
2025-08-29 04:00:00,24.9,99,1.17,140,1.3,976.1,130.0
2025-08-29 05:00:00,25.2,98,2.3,117,0.1,976.2,245.0
2025-08-29 06:00:00,27.1,97,2.52,131,0.0,976.7,280.0
2025-08-29 07:00:00,26.8,95,3.24,119,0.5,977.2,325.0
2025-08-29 08:00:00,27.7,91,3.11,134,0.0,977.5,400.0
2025-08-29 09:00:00,28.2,88,2.93,127,0.0,977.7,425.0
2025-08-29 10:00:00,28.9,86,2.76,122,0.1,977.5,550.0
2025-08-29 11:00:00,29.9,83,2.84,141,0.1,977.5,700.0
2025-08-29 12:00:00,30.9,77,2.8,133,0.1,977.0,935.0
2025-08-29 13:00:00,31.0,76,2.22,149,0.1,976.0,790.0
2025-08-29 14:00:00,31.0,72,3.12,112,0.1,975.1,850.0
2025-08-29 15:00:00,29.6,77,2.29,100,0.3,974.5,500.0
2025-08-29 16:00:00,29.3,81,2.53,105,0.0,974.8,490.0
2025-08-29 17:00:00,29.0,83,2.62,97,0.0,974.8,480.0
2025-08-29 18:00:00,28.2,85,2.39,106,0.0,975.8,535.0
2025-08-29 19:00:00,27.7,87,2.23,99,0.0,976.8,440.0
2025-08-29 20:00:00,27.5,89,2.35,89,0.0,977.7,375.0
2025-08-29 21:00:00,27.1,90,2.5,91,0.0,978.2,370.0
2025-08-29 22:00:00,26.8,91,2.62,98,0.0,978.9,365.0
2025-08-29 23:00:00,26.6,92,2.46,95,0.0,979.3,360.0
2025-08-30 00:00:00,26.4,93,2.72,96,0.0,978.9,380.0
2025-08-30 01:00:00,26.3,93,2.76,94,0.0,978.5,370.0
2025-08-30 02:00:00,26.2,93,2.75,100,0.0,978.6,390.0
2025-08-30 03:00:00,26.1,94,2.79,99,0.0,978.1,380.0
2025-08-30 04:00:00,26.0,94,2.6,101,0.0,978.3,400.0
2025-08-30 05:00:00,25.8,95,2.7,109,0.0,978.5,395.0
2025-08-30 06:00:00,26.2,97,3.47,113,0.3,978.9,355.0
2025-08-30 07:00:00,26.2,93,3.21,105,1.3,979.7,350.0
2025-08-30 08:00:00,26.5,93,3.61,109,0.4,979.4,400.0
2025-08-30 09:00:00,27.9,87,3.45,120,0.0,979.8,520.0
2025-08-30 10:00:00,29.1,80,3.31,117,0.1,980.0,695.0
2025-08-30 11:00:00,30.0,76,2.45,110,0.1,979.7,700.0
2025-08-30 12:00:00,30.7,71,2.1,102,0.0,978.8,760.0
2025-08-30 13:00:00,31.4,68,1.94,108,0.0,977.8,860.0
2025-08-30 14:00:00,31.5,67,2.01,109,0.0,976.8,865.0
2025-08-30 15:00:00,31.7,66,1.92,105,0.0,976.0,855.0
2025-08-30 16:00:00,31.1,69,1.97,97,0.1,975.7,730.0
2025-08-30 17:00:00,30.4,74,1.86,84,0.3,975.2,575.0
2025-08-30 18:00:00,29.3,81,1.69,109,0.0,976.8,400.0
2025-08-30 19:00:00,28.5,85,1.42,100,0.0,976.9,215.0
2025-08-30 20:00:00,28.2,86,1.51,96,0.0,978.1,170.0
2025-08-30 21:00:00,27.9,87,2.17,98,0.0,978.6,255.0
2025-08-30 22:00:00,27.6,89,2.1,102,0.0,978.6,270.0
2025-08-30 23:00:00,27.3,90,2.14,106,0.0,978.3,285.0
2025-08-31 00:00:00,27.1,91,2.06,104,0.0,977.9,290.0
2025-08-31 01:00:00,26.8,92,2.15,108,0.0,977.7,265.0
2025-08-31 02:00:00,26.5,94,3.12,112,0.0,976.8,385.0
2025-08-31 03:00:00,25.7,96,2.53,120,0.0,976.1,405.0
2025-08-31 04:00:00,25.0,97,2.41,95,2.3,976.9,320.0
2025-08-31 05:00:00,24.3,98,4.47,100,0.7,977.5,435.0
2025-08-31 06:00:00,25.5,96,2.8,117,0.1,976.6,340.0
2025-08-31 07:00:00,25.6,96,2.91,119,0.5,977.8,340.0
2025-08-31 08:00:00,25.3,97,3.08,134,2.3,978.1,325.0
2025-08-31 09:00:00,27.0,92,3.06,142,0.4,978.2,470.0
2025-08-31 10:00:00,28.4,85,2.93,134,0.1,978.4,660.0
2025-08-31 11:00:00,29.3,80,2.84,124,0.2,978.1,735.0
2025-08-31 12:00:00,27.9,86,2.11,166,1.5,976.7,390.0
2025-08-31 13:00:00,29.4,81,1.84,133,0.2,975.7,725.0
2025-08-31 14:00:00,29.9,78,2.24,129,0.1,974.5,820.0
2025-08-31 15:00:00,28.8,80,3.33,98,2.4,973.8,460.0
2025-08-31 16:00:00,26.8,86,3.25,127,2.4,973.6,380.0
2025-08-31 17:00:00,26.2,91,1.57,143,0.1,973.8,255.0
2025-08-31 18:00:00,25.8,92,1.65,87,0.0,974.7,305.0
2025-08-31 19:00:00,25.7,93,1.86,96,0.1,974.8,285.0
2025-08-31 20:00:00,25.6,95,2.09,101,0.2,975.3,300.0
2025-08-31 21:00:00,25.5,96,2.18,106,0.3,975.8,315.0
2025-08-31 22:00:00,25.5,97,2.7,109,0.3,975.8,295.0
2025-08-31 23:00:00,25.3,98,3.34,114,0.5,975.3,375.0
